"","PLAYER","TEAM","POSITION","center","forward","guard","GP","MIN","2FGM","2FG%","3PM","3P%","FTM","FT%","%midrange","%3points","%inthepaint","DFGM","DIFF%","DEFLECTIONS","CONTESTED SHOTS","LOOSE BALLS RECOVERED","STL","AST","BLK","OREB","DREB","shooting1","shooting2","others1","others2","extreme","label"
"1","Aaron Gordon","ORL","F",FALSE,TRUE,FALSE,78,33.8,4.5,50,1.6,34.8,2.4,73.1,9.3,29.1,46.7,5.4,-0.5,1.3,6.5,1.2,0.7,3.7,0.7,1.7,5.7,-0.0851397507711187,1.19428274856935,-2.12386391508154,-0.41206683874011,FALSE,""
"2","Aaron Holiday","IND","G",FALSE,FALSE,TRUE,50,12.9,1.2,45.9,0.9,33.9,0.8,82,12.9,43.9,29.3,2,-3.2,0.7,2.5,0.3,0.4,1.7,0.3,0.1,1.2,1.27397648787953,-0.750686432473424,2.77572899431042,-0.180787867209718,FALSE,""
"3","Abdel Nader","OKC","F",FALSE,TRUE,FALSE,61,11.4,1,51.8,0.5,31.3,0.4,75,1.7,39.8,47.3,2.5,0.7,0.5,3.8,0.4,0.3,0.3,0.2,0.2,1.7,-0.194649260226265,-1.56331602752813,2.75409917242501,-0.529034733800954,FALSE,""
"4","Al-Farouq Aminu","POR","F",FALSE,TRUE,FALSE,81,28.3,2,51.3,1.2,34.5,1.9,86.7,1.8,37.9,40.5,5.1,-0.5,1.9,7.4,1,0.8,1.3,0.4,1.4,6.1,0.505629924222234,0.0747456861496249,-1.74354138492438,-0.446443346689339,FALSE,""
"5","Al Horford","BOS","C-F",TRUE,TRUE,FALSE,68,29,4.6,60.4,1.1,36,1.1,82.1,20.1,23.7,47.8,7.6,-1.8,1.4,11.7,0.8,0.9,4.2,1.3,1.8,5,-0.468226418467185,1.26771304503498,-3.70447148978314,-1.71687365246652,FALSE,""
"6","Alec Burks","SAC","G",FALSE,FALSE,TRUE,64,21.5,2,42.8,0.9,36.3,1.8,82.3,7.8,32.6,38.9,3.8,3.5,1.2,5.1,0.5,0.6,2,0.3,0.5,3.2,0.697094023948863,-0.111784331661459,0.912047465752919,0.188534729092146,FALSE,""
"7","Alex Abrines","OKC","G",FALSE,FALSE,TRUE,31,19,0.5,50,1.3,32.3,0.4,92.3,6.1,74.5,12.1,3.3,3,0.9,5.3,0.6,0.5,0.6,0.2,0.2,1.4,2.74403139567474,-1.15986831114811,1.87956961062883,0.0639920601479205,FALSE,""
"8","Alex Caruso","LAL","G",FALSE,FALSE,TRUE,25,21.2,2.1,43,1,48,2,79.7,5.2,31.4,41,4,-3.3,1.9,5.6,0.8,1,3.1,0.4,0.8,1.9,0.996305394323935,0.0890684377474919,-0.373470305560288,0.747813896944594,FALSE,""
"9","Alex Len","ATL","C",TRUE,FALSE,FALSE,77,20.1,3.2,55.4,1,36.3,1.8,64.8,2.1,26,55.5,5.9,1.9,0.5,9.6,0.4,0.4,1.1,0.9,2.1,3.5,-0.992405084885997,-0.0191966507635909,-0.762635242691596,-2.72848707799195,FALSE,""
"10","Alex Poythress","ATL","F",FALSE,TRUE,FALSE,21,14.5,1.5,53.4,0.4,39.1,0.9,62.1,0,25.2,57.9,2.3,-4.3,0.7,4,0.3,0.2,0.8,0.5,1.4,2.2,-1.05202554218236,-1.33269163216716,1.87652762744373,-1.73661809191155,FALSE,""
"11","Alfonzo McKinnie","GSW","F",FALSE,TRUE,FALSE,72,13.9,1.3,58.2,0.6,35.9,0.4,56.3,3.6,37.4,51,2.4,1.1,0.6,3.1,0.4,0.3,0.4,0.2,1.1,2.3,-0.752141276711833,-1.65255592720235,2.35250726154069,-0.823772123531852,FALSE,""
"12","Allen Crabbe","BKN","G-F",FALSE,TRUE,TRUE,43,26.4,0.9,34.2,2.3,37.8,1,73.2,5.8,71.2,13.1,2.9,-1.3,1,4.5,0.6,0.5,1.1,0.3,0.4,3.1,3.51182339816025,-1.04283807778632,1.37044995717824,-0.301203169176255,FALSE,""
"13","Allonzo Trier","NYK","G",FALSE,FALSE,TRUE,64,22.8,2.8,46.6,0.8,39.2,2.8,80.3,13.5,22.4,38.3,4,6.4,0.8,4.1,0.8,0.4,1.9,0.2,0.5,2.6,0.294743851819626,0.870765300730086,1.33865716473075,0.469115055574535,FALSE,""
"14","Amir Johnson","PHI","C-F",TRUE,TRUE,FALSE,51,10.4,1.3,57.3,0.2,30,0.6,75.6,2,17.9,64.7,3.1,1.2,0.7,4.1,0.3,0.3,1.2,0.3,0.9,2,-1.73570103742734,-1.18276080789817,2.04159183026808,-0.781509311232682,FALSE,""
"15","Andre Drummond","DET","C",TRUE,FALSE,FALSE,79,33.5,7,54.8,0.1,13.2,3.1,59,1.3,1.1,79.9,8.6,-0.8,2.9,13,1.3,1.7,1.4,1.7,5.4,10.2,-4.30938980361789,1.1110151113081,-8.37046271245168,-3.14619233552892,TRUE,"Andre Drummond"
"16","Andre Iguodala","GSW","F-G",FALSE,TRUE,TRUE,68,23.2,1.5,65.2,0.7,33.3,0.6,58.2,4.1,37,48.8,3.5,-2.1,1.7,4.5,1.1,0.9,3.2,0.8,0.7,3,-1.01245125910833,-1.29993199263328,-0.694757751564738,0.651608778939109,FALSE,""
"17","Andrew Harrison","NOP","G",FALSE,FALSE,TRUE,17,10.9,0.7,39.3,0.3,20,1,94.4,3.7,27.8,37,2.1,0,0.9,2.2,0.3,0.2,1.4,0.1,0.4,0.8,0.163916493703782,-1.19745591188329,3.10674855142531,-0.0060194371191237,FALSE,""
"18","Andrew Wiggins","MIN","F-G",FALSE,TRUE,TRUE,73,34.8,5.2,44,1.6,33.9,2.8,69.9,16.7,26.8,40.9,6.2,0.4,1.7,8.9,1.3,1,2.5,0.7,1.1,3.7,0.201643091014982,1.62825354347066,-2.35796692860731,0.0829543950529412,FALSE,""
"19","Anthony Davis","NOP","F-C",TRUE,TRUE,FALSE,56,33,8.6,54.7,0.9,33.1,6.1,79.4,11.4,9.9,55,7.5,-3.4,2.7,12.2,1.6,1.6,3.9,2.4,3.1,8.9,-1.86931239926639,4.32221624171991,-7.85694325005889,-1.94665259815967,TRUE,"Anthony Davis"
"20","Anthony Tolliver","MIN","F",FALSE,TRUE,FALSE,65,16.6,0.3,40.9,1.3,37.7,0.7,78.3,2.5,74.5,8.6,2.9,-0.4,0.4,3.6,0.3,0.3,0.7,0.3,0.2,2.5,3.10355244171352,-1.66362504009724,2.49194176803458,-0.809427445463185,FALSE,""
"21","Antonio Blakeney","CHI","G",FALSE,FALSE,TRUE,57,14.5,2.3,42.8,0.6,39.1,0.9,65.8,19.1,25.8,43.1,2.4,11.1,0.3,2.6,0.3,0.2,0.7,0.2,0.1,1.7,0.23288539348692,-0.52578065140427,3.450211251971,0.227423434844178,FALSE,""
"22","Aron Baynes","BOS","C-F",TRUE,TRUE,FALSE,51,16.1,1.6,51.9,0.4,34.4,1,85.5,5.6,22.2,53.5,5.1,-4.4,0.4,7.6,0.3,0.2,1.1,0.7,1.7,3,-0.595060267495915,-0.538497857576848,0.29422311992137,-2.80589927526829,FALSE,""
"23","Austin Rivers","HOU","G",FALSE,FALSE,TRUE,76,26.7,1.7,52.2,1.4,31.8,0.7,52.6,1.3,50.5,40.1,4.5,2.3,1.2,4.6,0.7,0.6,2.2,0.3,0.3,1.8,0.216681247755184,-1.52496760663569,0.917519048276648,0.549128171849257,FALSE,""
"24","Avery Bradley","MEM","G",FALSE,FALSE,TRUE,63,30.2,2.6,44.6,1.4,35.1,0.7,86,27.8,41.3,24,5.1,1.8,1.6,4.7,0.9,0.7,2.4,0.3,0.7,2.1,1.88652897451879,0.433860963448325,0.0348470355828094,0.751707030684353,FALSE,""
"25","Bam Adebayo","MIA","C-F",TRUE,TRUE,FALSE,82,23.3,3.4,58.8,0,20,2,73.5,4.4,1.2,71.6,4.7,-1.8,1.4,7.8,0.7,0.9,2.2,0.8,2,5.3,-3.2231618820184,0.080066707225016,-1.79384676980866,-1.32007959064988,FALSE,""
"26","Ben Simmons","PHI","G-F",FALSE,TRUE,TRUE,79,34.2,6.8,56.4,0,0,3.3,60,2.1,0,78.7,5.7,-0.2,2.7,6.5,1.7,1.4,7.7,0.8,2.2,6.6,-4.89353882434315,0.991583738910117,-4.865044299774,1.8853945446535,FALSE,""
"27","Billy Garrett","NYK","G-F",FALSE,TRUE,TRUE,4,15.9,2.5,55.6,0,0,1,100,23.1,0,61.5,3.8,21.1,1.5,1.8,0.5,0.3,1.8,0.3,0,0.8,-2.65655836444468,0.276056625301516,2.62357032688307,2.12016098163524,FALSE,""
"28","Blake Griffin","DET","F",FALSE,TRUE,FALSE,75,35,5.7,52.5,2.5,36.2,5.5,75.3,2.9,30.8,43.8,5.5,-1.8,1.4,7.2,1.4,0.7,5.4,0.4,1.3,6.2,0.120031618007176,3.24019307455138,-2.44905171147729,0.425798336098987,FALSE,""
"29","Boban Marjanovic","PHI","C",TRUE,FALSE,FALSE,58,11.7,2.7,62.4,0.1,40,1.7,74.8,5.7,2.8,68.2,3.7,-6.6,0.3,6.4,0.2,0.3,0.9,0.5,1.5,3.1,-2.23898049357615,0.180668891056709,1.07394064520429,-2.56257394281264,FALSE,""
"30","Bobby Portis","WAS","F",FALSE,TRUE,FALSE,50,26,4,46.5,1.4,38.5,1.5,79.4,10.4,31.7,47,5.8,4.6,1.3,6.2,0.8,0.7,1.4,0.4,2.2,5.9,0.393719523884933,0.718424502583921,-1.38257323938193,-0.884951360323803,FALSE,""
"31","Bogdan Bogdanovic","SAC","G",FALSE,FALSE,TRUE,70,27.8,3.2,46.2,1.9,36,1.9,82.7,12.1,40.6,33.7,4.8,2.2,2.3,5.4,0.8,1,3.8,0.2,0.6,2.9,1.34755674673309,0.856003209613357,-0.669146729906853,1.66520716761002,FALSE,""
"32","Bojan Bogdanovic","IND","F",FALSE,TRUE,FALSE,81,31.8,4.4,53.9,2,42.5,3,80.7,9.4,33.8,39.9,4.6,0,1.2,6.2,0.8,0.9,2,0,0.4,3.7,0.726208728397258,1.93605729184038,0.098551564472768,0.548232291655757,FALSE,""
"33","Bonzie Colson","MIL","F",FALSE,TRUE,FALSE,8,12.3,1,44.4,0.6,23.8,1,88.9,5.1,38.5,35.9,4,8.4,0.9,4.9,0.5,0.6,0.4,0.1,1,2.8,0.458964753459417,-1.02741932276589,1.39296435431325,-0.000918279573668475,FALSE,""
"34","Bradley Beal","WAS","G",FALSE,FALSE,TRUE,82,36.9,6.6,55.1,2.5,35.3,4.4,80.8,14,29.9,38.9,6.4,2,2.5,7.5,1.7,1.5,5.5,0.7,1.1,3.9,0.345129250729667,3.56156419683985,-3.77059583349927,2.22526659401237,FALSE,""
"35","Brandon Ingram","LAL","F",FALSE,TRUE,FALSE,52,33.9,6.4,52.3,0.6,33,3.8,67.5,14.7,9.8,54.9,4.8,-4.5,0.9,8.2,1.2,0.5,3,0.6,0.8,4.3,-1.7664085300362,2.21713246084984,-1.13666568838883,-0.766485201853459,FALSE,""
"36","Brandon Knight","CLE","G",FALSE,FALSE,TRUE,39,18.9,1.4,43.3,1.1,32.5,0.7,79.4,19.5,46.2,24.1,3.3,7,0.9,2.9,0.4,0.5,1.8,0.1,0.3,1.3,1.67851936312898,-0.608209679727568,2.39937664775556,0.797707713233859,FALSE,""
"37","Brandon Sampson","CHI","G",FALSE,FALSE,TRUE,14,15.3,1.2,54.8,0.8,37.9,0.3,66.7,0,46.5,47.9,2.2,3.1,0.6,2.6,0.4,0.6,0.7,0.2,0.2,0.9,0.0467946556981824,-1.59898123358278,2.87637089511626,0.298014763785664,FALSE,""
"38","Brook Lopez","MIL","C",TRUE,FALSE,FALSE,81,28.7,2.1,61.5,2.3,36.4,1.4,84.2,3,55.6,30.3,9.1,-4.2,1,19.3,0.7,0.6,1.2,2.2,0.4,4.5,1.46576955238452,0.361594992668884,-4.33928171029982,-4.20208721298885,TRUE,"Brook Lopez"
"39","Bruce Brown","DET","G",FALSE,FALSE,TRUE,74,19.6,1.4,45.5,0.3,25.8,0.6,75,1.3,22.6,62.1,3.6,-2.8,1.2,5.4,0.7,0.5,1.2,0.5,0.6,1.9,-1.22099958612309,-1.47025281310431,0.842832236031714,-0.510354925609769,FALSE,""
"40","Bruno Caboclo","MEM","F",FALSE,TRUE,FALSE,34,23.5,1.4,50.5,1.4,36.9,1.2,84,2.1,51.1,31.9,4.4,-0.8,1.4,6.8,0.7,0.4,1.5,1,1.2,3.4,1.38343051040413,-0.512659652863839,-0.496446147488335,-1.36384201892804,FALSE,""
"41","Bryn Forbes","SAS","G",FALSE,FALSE,TRUE,82,28,2.3,48.9,2.1,42.6,0.8,88.5,17.4,54.6,20.9,4.7,4.6,0.9,4.5,0.9,0.5,2.1,0,0.2,2.7,2.69976049593226,0.488493918848834,1.05828653193699,0.833016620016606,FALSE,""
"42","Buddy Hield","SAC","G",FALSE,FALSE,TRUE,82,31.9,4.2,48.7,3.4,42.7,2.1,88.6,14.6,49.2,26.1,6.1,3.3,1.4,7.7,1.2,0.7,2.5,0.4,1.3,3.7,2.7362857649574,2.18199692062458,-1.46135749790465,0.0917073733677169,FALSE,""
"43","Cameron Payne","CLE","G",FALSE,FALSE,TRUE,40,17.8,1.8,51.1,0.6,29.8,0.8,80.5,12,30,44.8,3.7,11.8,1.7,3.4,0.7,0.7,2.7,0.2,0.3,1.5,-0.184192017454947,-0.576560723446914,1.29221945025061,2.00027808993406,FALSE,""
"44","Cameron Reynolds","MIN","G",FALSE,FALSE,TRUE,19,13.7,0.6,44.4,1.1,41.2,0.4,88.9,8.4,66.3,16.8,2.9,7.3,0.7,3.3,0.2,0.3,0.7,0.1,0.2,1.4,2.82766067625959,-1.12631707389536,3.06699671050685,0.13000160118382,FALSE,""
"45","Caris LeVert","BKN","G",FALSE,FALSE,TRUE,40,26.6,4,48.3,1.2,31.2,2.1,69.1,1.5,26.3,56.7,4.9,2.2,2,6.2,1,1.1,3.9,0.4,0.9,2.9,-0.873504819205154,0.340481776487224,-1.23287605630383,1.37021579336222,FALSE,""
"46","Carmelo Anthony","HOU","F",FALSE,TRUE,FALSE,10,29.4,2.8,49.1,2.1,32.8,1.5,68.2,17.9,47,23.9,5.8,2.8,1.1,5.9,0.7,0.4,0.5,0.7,0.9,4.5,1.54439820194265,0.368873362955497,-0.270382081863353,-1.16747303413348,FALSE,""
"47","Cedi Osman","CLE","F",FALSE,TRUE,FALSE,76,32.2,3,48.7,1.7,34.7,1.9,77.9,8.1,39.4,38.3,6,4.6,1.3,7.6,1,0.8,2.6,0.1,0.6,4.1,0.791336740181764,0.501356230093569,-0.824618570142186,0.669777776523241,FALSE,""
"48","Chandler Hutchison","CHI","F",FALSE,TRUE,FALSE,44,20.3,1.9,51.6,0.3,28,0.5,60.5,6.1,18.3,65.5,3.3,-1.4,1.1,3.7,0.8,0.5,0.8,0.1,0.7,3.5,-1.83949673835306,-1.40574056496,1.13056802518735,-0.102620455138982,FALSE,""
"49","Chandler Parsons","MEM","F",FALSE,TRUE,FALSE,25,19.8,1.6,44.3,1.1,30.1,0.9,88,10.7,46.5,31,2.4,-0.9,0.8,2.4,0.3,0.8,1.7,0.2,0.2,2.6,1.33038203318272,-0.510944331669727,2.10992767731707,0.306906700553466,FALSE,""
"50","Chasson Randle","WAS","G",FALSE,FALSE,TRUE,49,15.2,0.9,44.8,1,40.7,0.9,69.4,2.2,50.9,31,3.2,6.9,1,3.3,0.2,0.5,2,0.1,0.2,0.9,1.37505111969316,-1.40439999342321,2.61239570362179,0.773003822774062,FALSE,""
"51","Cheick Diallo","NOP","F",FALSE,TRUE,FALSE,64,14,2.6,62.8,0,25,0.8,74.6,15.5,0.8,70.8,3.5,0.2,0.6,5,0.6,0.5,0.5,0.5,1.2,4,-2.82491834137068,-0.188016010248918,0.779942239259173,-1.27402268296931,FALSE,""
"52","Chris Paul","HOU","G",FALSE,FALSE,TRUE,58,32,3,47.9,2.2,35.9,3,86.2,14.6,42.1,24.1,5.3,2.5,3.3,3.6,1.2,2,8.2,0.3,0.6,3.9,1.83903612079528,1.58358789357285,-3.07031760705773,4.47525110982602,FALSE,""
"53","Christian Wood","NOP","F",FALSE,TRUE,FALSE,21,11.9,2.5,57.1,0.4,34.6,2,73.2,4.7,15.7,55.8,3,0.6,0.5,4.8,0.4,0.3,0.4,0.5,0.8,3.1,-1.42329421852418,-0.00170730603374778,1.70850098528333,-1.33904564626228,FALSE,""
"54","CJ McCollum","POR","G",FALSE,FALSE,TRUE,70,33.9,5.7,50.6,2.4,37.5,2.3,82.8,21.8,34.1,33.2,5.6,1.3,1.1,8.1,1.3,0.8,3,0.4,0.9,3.1,1.19673438504346,2.49850067100795,-1.26121452412335,0.314999504778487,FALSE,""
"55","CJ Miles","MEM","F-G",FALSE,TRUE,TRUE,53,16.2,0.8,42.5,1.3,33,0.9,82.8,8.3,59.3,18.3,1.7,-5.8,0.9,3.1,0.5,0.5,0.7,0.3,0.2,1.5,2.28131623852295,-1.01123562944553,2.37558624269586,-0.371558581424914,FALSE,""
"56","Cody Zeller","CHA","C",TRUE,FALSE,FALSE,49,25.4,3.8,57,0.1,27.3,2.3,78.7,1.2,3.6,72.8,6.9,-1.7,1.5,9.4,0.9,0.8,2.1,0.8,2.2,4.6,-2.79468398774205,0.474315140445498,-2.66568595165423,-1.56671411574255,FALSE,""
"57","Collin Sexton","CLE","G",FALSE,FALSE,TRUE,82,31.8,4.8,43.9,1.4,40.3,2.6,83.9,21.2,26,37.2,6.2,8.5,1.1,6.6,1.1,0.5,3,0.1,0.7,2.2,0.852716501547135,1.93238644224781,-0.099916831666962,0.972191587983303,FALSE,""
"58","Corey Brewer","SAC","G-F",FALSE,TRUE,TRUE,31,15.9,1.3,49.4,0.5,31.8,1,72.1,1.3,27.8,50.3,2.6,0.3,2.2,3.5,0.7,1,1.3,0.2,0.8,1.6,-0.605953548178905,-1.21618137814066,0.788095225927947,1.19090968763822,FALSE,""
"59","Cory Joseph","IND","G",FALSE,FALSE,TRUE,82,25.2,2.1,45.4,0.7,32.2,0.4,69.8,26.8,30.7,36.9,4.4,0.5,1.5,5.6,1.1,1.1,3.9,0.3,0.5,2.9,0.468500897012419,-0.530160581032972,-0.697987939740156,1.45068316441144,FALSE,""
"60","Courtney Lee","DAL","G",FALSE,FALSE,TRUE,34,12.6,1.1,50,0.5,29.1,0.4,66.7,26.5,35.3,27.9,1.8,-0.2,1,1.9,0.5,0.6,1.1,0.1,0.3,1.3,0.504031053122054,-1.03313796743579,2.62784548996148,0.548038029487426,FALSE,""
"61","Cristiano Felicio","CHI","F-C",TRUE,TRUE,FALSE,60,12.4,1.6,54,0,0,0.8,68.5,3.3,0,75.8,3.8,3.7,0.2,4.4,0.3,0.2,0.6,0.1,1.3,2.3,-3.8618905019274,-1.55599687785565,2.19836966974381,-1.21040733163025,FALSE,""
"62","D'Angelo Russell","BKN","G",FALSE,FALSE,TRUE,81,30.2,5.3,48.2,2.9,36.9,2,78,15.4,41,34.2,5.1,1.6,2.2,5.3,1.1,1.2,7,0.2,0.7,3.2,1.51537263491499,2.00958194645339,-1.67836645151855,2.6627001268109,FALSE,""
"63","D.J. Augustin","ORL","G",FALSE,FALSE,TRUE,81,28,2.3,51.4,1.6,41.6,2.2,86.6,7,41.5,32.5,4.3,4.1,0.8,3.2,0.9,0.6,5.3,0,0.5,2,1.35614105318671,0.692885196080884,0.902433482917745,1.6820877814237,FALSE,""
"64","D.J. Wilson","MIL","F",FALSE,TRUE,FALSE,48,18.4,1.2,46.7,1,36.2,0.5,55.3,6.4,49.3,35,4.4,-4,0.6,7.8,0.5,0.4,1.1,0.4,0.9,3.7,0.739266767762023,-1.7434347195348,0.416062855258367,-1.72682669967518,FALSE,""
"65","Dairis Bertans","NOP","G",FALSE,FALSE,TRUE,12,13.9,0.2,15.4,0.8,29.4,0,0,11.8,88.2,0,3,13.1,0.3,2.9,0.3,0.1,0.8,0,0.2,0.6,2.84280316650564,-4.72587197135779,3.71562467283487,0.460830372506155,FALSE,""
"66","Damian Lillard","POR","G",FALSE,FALSE,TRUE,80,35.5,5.5,49.8,3,36.9,5.9,91.2,12.7,34.4,30.3,5.3,1.8,2.1,5,1.4,1.1,6.9,0.4,0.9,3.8,1.47716130403668,4.20044871549467,-2.19278705034896,2.44433505744944,FALSE,""
"67","Damion Lee","GSW","G",FALSE,FALSE,TRUE,32,11.7,0.9,49.2,0.8,39.7,0.6,86.4,15.2,51.3,21.5,2.7,4.9,0.7,2.4,0.3,0.4,0.4,0,0.3,1.8,1.9219913855737,-0.718563783892659,3.00142162637605,0.180380237903063,FALSE,""
"68","Damyean Dotson","NYK","G",FALSE,FALSE,TRUE,73,27.4,2.2,45.9,1.7,36.4,1,74.5,20.8,48.5,21.3,4.2,2.9,1.3,4.6,0.9,0.8,1.8,0.1,0.5,3.1,1.99493903224047,0.0218395070759293,0.469245759672133,0.875885850388484,FALSE,""
"69","Daniel Hamilton","ATL","G-F",FALSE,TRUE,TRUE,19,10.7,0.8,40.5,0.4,34.8,0.2,50,3.5,42.1,49.1,2.4,-2.5,0.6,3.3,0.3,0.3,1.2,0.1,0.5,1.9,-0.0736257449331511,-2.54045791669684,2.62540834763465,-0.587036465314996,FALSE,""
"70","Daniel Theis","BOS","F",FALSE,TRUE,FALSE,66,13.8,1.8,60.3,0.4,38.8,0.8,73.7,5.9,20.9,58.3,3.8,-0.9,0.6,6.2,0.4,0.3,1,0.6,1.3,2.1,-1.16705308953991,-0.631645495898764,1.08125525580243,-1.69965070555559,FALSE,""
"71","Danilo Gallinari","LAC","F",FALSE,TRUE,FALSE,68,30.3,3.6,48.5,2.4,43.3,5.4,90.4,10.7,35.9,26.2,5.8,1.6,1.4,8.6,0.8,0.7,2.6,0.3,0.8,5.3,1.83500684046636,3.09296850498484,-1.23522232119672,-0.23381254413962,FALSE,""
"72","Danny Green","TOR","G-F",FALSE,TRUE,TRUE,80,27.7,1.2,48.7,2.5,45.5,0.5,84.1,6.3,72.4,16.8,5.9,2,1.6,8.3,0.8,0.9,1.6,0.7,0.8,3.2,3.46893240356578,-0.409961767254123,-1.21171090080228,-0.280433075916017,FALSE,""
"73","Dante Cunningham","SAS","F",FALSE,TRUE,FALSE,64,14.5,0.7,48.4,0.5,46.2,0.2,77.8,4.1,46.4,42.3,3,4.2,0.6,3.9,0.6,0.4,0.8,0.2,0.8,2.2,0.994177505210792,-1.50970046640097,1.96945160941576,-0.230681385221404,FALSE,""
"74","Dante Exum","UTA","G",FALSE,FALSE,TRUE,42,15.8,2,46.9,0.4,29,1.6,79.1,0.7,18.8,56.9,2.5,-1.8,0.5,4,0.6,0.3,2.6,0.1,0.4,1.2,-1.07900246587089,-0.601536164262182,2.27881362800816,0.00482193165125819,FALSE,""
"75","Danuel House Jr.","HOU","F-G",FALSE,TRUE,TRUE,39,25.1,1.1,59.5,1.9,41.6,1.4,78.9,0.5,60.7,23.5,4.9,3.9,0.9,7.4,0.7,0.5,1,0.3,0.6,2.9,1.86343485617336,-0.354083057565206,0.49505560504743,-0.454792553051655,FALSE,""
"76","Dario Saric","MIN","F",FALSE,TRUE,FALSE,81,25,2.3,49.9,1.5,36.5,1.6,88,5.6,41.3,37.8,4.6,-0.9,1.1,8.1,0.9,0.6,1.6,0.1,1.6,4.1,1.0252202610519,0.283321768948191,-0.562140929043492,-0.777226350021262,FALSE,""
"77","Darius Miller","NOP","F",FALSE,TRUE,FALSE,69,25.5,0.8,46.7,1.9,36.5,0.8,78.9,11.6,70.4,8.1,4,0.1,1.3,6,0.7,0.6,2.1,0.3,0.2,1.7,3.13020385178496,-0.787984283170368,0.834036835830838,0.345040601287642,FALSE,""
"78","Darren Collison","IND","G",FALSE,FALSE,TRUE,76,28.2,3,49.2,1,40.7,2.1,83.2,25.3,27.8,28.4,4.1,2,2.1,4.5,1.2,1.4,6,0.1,0.5,2.6,1.05122170167715,1.15739405171591,-1.09956647309763,3.06523907905728,FALSE,""
"79","Daryl Macon","DAL","G",FALSE,FALSE,TRUE,8,11.2,0.6,31.3,0.6,45.5,0.5,57.1,13.8,51.7,20.7,1.3,-1.8,0,1.1,0.1,0.1,0.9,0,0.3,1.3,2.24563988456903,-2.01049922800812,4.18066118009023,-0.701314792388512,FALSE,""
"80","David Nwaba","CLE","G",FALSE,FALSE,TRUE,51,19.3,1.9,53.5,0.5,32.4,1.1,68.2,0.6,21.6,60.5,3.9,0.8,1.6,4.8,0.8,0.7,1.1,0.3,0.8,2.4,-1.37208473465671,-0.955816105976745,0.479518241157766,0.282151101050305,FALSE,""
"81","Davis Bertans","SAS","F",FALSE,TRUE,FALSE,76,21.5,0.8,51.3,1.9,42.9,0.7,88.3,6.9,71.8,12.5,4.3,0.6,0.8,7.5,0.5,0.5,1.3,0.4,0.3,3.2,3.21387670972975,-0.558269825715405,0.734104326548601,-0.781096944064961,FALSE,""
"82","De'Aaron Fox","SAC","G",FALSE,FALSE,TRUE,81,31.4,5.2,48.3,1.1,37.1,3.7,72.7,11.6,18.4,48.3,5.5,1.7,2.5,5.4,1.5,1.6,7.3,0.6,0.5,3.2,-0.594698281855766,1.94542185976386,-2.920490103852,3.29300596886339,FALSE,""
"83","De'Anthony Melton","PHX","G",FALSE,FALSE,TRUE,50,19.7,1.4,44.1,0.6,30.5,0.4,75,5.6,34.8,51.2,3.9,1.7,2.6,4.7,0.9,1.4,3.2,0.5,0.5,2.2,-0.101816752851509,-1.3795050413838,-0.880877363872634,2.0785086803532,FALSE,""
"84","DeAndre' Bembry","ATL","F",FALSE,TRUE,FALSE,82,23.6,2.7,50.8,0.6,28.9,1.1,64,0.6,21.8,64.9,4.2,3.4,2.5,4.3,1.2,1.3,2.5,0.5,0.7,3.7,-1.65279781021674,-0.869473833415696,-1.32427650489571,1.92664188947177,FALSE,""
"85","Deandre Ayton","PHX","C",TRUE,FALSE,FALSE,71,30.7,7.2,58.8,0,0,2,74.6,15.7,0,72.1,8.8,0,1.3,12.9,1.4,0.9,1.8,0.9,3.1,7.1,-4.26941780950772,1.38257674722535,-4.99111252065126,-2.39097179532029,FALSE,""
"86","Delon Wright","MEM","G",FALSE,FALSE,TRUE,75,22.6,2.5,49.1,0.7,29.9,1.6,79.3,2.1,23,56.7,4,2.9,2.2,4.9,0.9,1.2,3.3,0.4,0.9,2.6,-0.895333178254485,-0.253340457358879,-0.735145566046165,1.62812157015124,FALSE,""
"87","DeMar DeRozan","SAS","G",FALSE,FALSE,TRUE,77,34.9,8.1,49.2,0.1,15.6,4.8,83,27.4,1.3,48.9,4.7,1.4,2,5.4,1.1,1.1,6.2,0.5,0.7,5.3,-2.33344628273576,3.55258550414535,-1.98726419834175,1.81946838048851,FALSE,""
"88","DeMarcus Cousins","GSW","C",TRUE,FALSE,FALSE,30,25.7,4.9,55,0.9,27.7,3.5,73.6,4.1,16,58.2,7.7,-3.3,2.5,12.1,1.2,1.3,3.6,1.5,1.4,6.8,-1.76199027196051,1.48892034913088,-5.32638810038549,-0.912498618866118,FALSE,""
"89","DeMarre Carroll","BKN","F",FALSE,TRUE,FALSE,67,25.4,1.8,45.6,1.6,33.9,2.7,76,3.5,42.7,29,3.8,-1.9,1.1,5.2,0.8,0.5,1.3,0.1,1,4.2,1.186342160475,0.135047798905592,0.452958210123228,-0.432737916520026,FALSE,""
"90","Deng Adel","CLE","F",FALSE,TRUE,FALSE,19,10.2,0.3,38.5,0.3,26.1,0.2,100,12.5,56.3,18.8,2.5,4,0.5,2.3,0.4,0.1,0.3,0.2,0.2,0.8,2.07181858302059,-1.46228732778141,3.39215244981149,-0.222502313552456,FALSE,""
"91","Dennis Schroder","OKC","G",FALSE,FALSE,TRUE,79,29.3,4.2,45.1,1.6,33.8,2.4,81.9,16.2,30.4,38.2,5.4,1.5,1.4,6.3,1,0.8,4.1,0.2,0.5,3.1,0.678565221773452,1.4189464310703,-0.634397967804261,1.08673026264598,FALSE,""
"92","Dennis Smith Jr.","NYK","G",FALSE,FALSE,TRUE,53,28.5,4,47.7,1.3,32.2,1.9,63.5,10.5,27.8,47.9,5.7,-0.8,2.4,8.2,1,1.3,4.8,0.4,0.6,2.3,-0.404302362896895,0.40302899252643,-2.01054405592145,1.6759065189046,FALSE,""
"93","Derrick Favors","UTA","F-C",TRUE,TRUE,FALSE,76,23.2,4.5,64.2,0.2,21.8,2,67.5,4.7,5.7,72.5,5.7,-5.2,1.1,11.7,0.9,0.7,1.2,1.4,2.7,4.6,-3.407015306804,0.449507878117301,-3.03266115941361,-3.28695536677205,FALSE,""
"94","Derrick Jones Jr.","MIA","F-G",FALSE,TRUE,TRUE,60,19.2,2.2,56.4,0.5,30.8,1.2,60.7,1.4,19.9,61.1,3.3,-6.1,1.4,6.1,0.8,0.8,0.6,0.7,1.6,2.4,-1.78117948038612,-0.943964491773372,-0.259310844759169,-1.18756583177391,FALSE,""
"95","Derrick Rose","MIN","G",FALSE,FALSE,TRUE,51,27.3,6.1,50.9,1.1,37,2.7,85.6,21.2,17.7,46.2,4.8,-0.6,1.1,4.6,1,0.6,4.3,0.2,0.6,2.1,-0.303586006124792,2.47360171585917,0.1494107352355,0.919562108453133,FALSE,""
"96","Derrick White","SAS","G",FALSE,FALSE,TRUE,67,25.8,3.2,52.9,0.7,33.8,1.4,77.2,15.7,21.7,48.3,5.8,-0.5,2,9.4,0.8,1,3.9,0.7,0.5,3.2,-0.5493050590446,0.372515381022378,-1.84083217023658,0.397752808939276,FALSE,""
"97","Devin Booker","PHX","G",FALSE,FALSE,TRUE,64,35,7,53.6,2.1,32.6,6.1,86.6,15.4,23.8,37.6,5.3,3,1.3,5.3,1.1,0.9,6.8,0.2,0.6,3.5,0.0065944520391536,4.46014652097249,-1.04458620221296,1.98363320208992,FALSE,""
"98","Devin Harris","DAL","G",FALSE,FALSE,TRUE,68,15.7,1,47.6,0.9,31,1.5,76.1,3.7,43.5,29,2.2,2.3,1,1.7,0.5,0.5,1.8,0.2,0.2,1.5,0.814749346623407,-0.949206781962556,2.51973313673447,0.737436024720823,FALSE,""
"99","Devin Robinson","WAS","F",FALSE,TRUE,FALSE,7,13.5,2.7,63.3,0,0,1.3,64.3,12.8,0,68.1,2.3,3.2,1,4,0.6,0.6,0.9,0.9,0.9,2,-4.05644920667363,-0.639860764249364,1.21323178481298,-0.504340805006365,FALSE,""
"100","Devonte' Graham","CHA","G",FALSE,FALSE,TRUE,46,14.7,0.9,42.1,0.7,28.1,0.8,76.1,9.2,47,27.6,2.9,5.5,1,2.5,0.6,0.5,2.6,0,0.2,1.2,1.08548792710089,-1.38360269876213,2.32103884977535,1.30382622661467,FALSE,""
"101","Dewayne Dedmon","ATL","C",TRUE,FALSE,FALSE,64,25.1,2.8,57,1.3,38.2,1.4,81.4,4.9,35.9,45.9,6.3,-1.3,2.2,9.6,1.1,1.1,1.4,1.1,1.6,5.9,0.143290683021125,0.285504276343285,-3.45874474213868,-0.988688417685316,FALSE,""
"102","Deyonta Davis","ATL","C-F",TRUE,TRUE,FALSE,9,13.2,1.7,71.4,0,0,0.7,60,5.6,0,77.8,2.8,-13.9,1,5.6,0.4,0.3,0.6,0.6,1.1,2.9,-4.74142055509626,-1.40022766999992,0.899710539818887,-2.37031701730112,FALSE,""
"103","Dillon Brooks","MEM","G-F",FALSE,TRUE,TRUE,18,18.3,1.9,41.5,0.8,37.5,1.2,73.3,10.4,33.3,40,2.7,-1,1.1,4.9,0.7,0.6,0.9,0.2,0.5,1.2,0.637985274211862,-0.622254999887269,1.61423377058896,0.0804785532148945,FALSE,""
"104","Dion Waiters","MIA","G",FALSE,FALSE,TRUE,44,25.9,2,46.8,2.5,37.7,0.5,50,6.8,62,26.9,4,-0.7,1,5.7,0.8,0.7,2.8,0.2,0.2,2.5,1.91653345602984,-1.08826098376101,0.630836271102867,0.519606007445051,FALSE,""
"105","Dirk Nowitzki","DAL","F",FALSE,TRUE,FALSE,51,15.6,1.4,41.5,1.3,31.2,0.8,78,29.5,51.5,8.6,4.1,2.1,0.4,4.3,0.2,0.2,0.7,0.4,0.1,3,2.54042278164631,-0.324953096657194,2.17372428753798,-1.04355919985427,FALSE,""
"106","Domantas Sabonis","IND","F",FALSE,TRUE,FALSE,74,24.8,5.5,59,0.1,52.9,2.8,71.5,9.4,2.6,68.1,5.2,-1.9,1,7.8,1,0.6,2.9,0.4,2.5,6.8,-1.94193021358682,1.7118400525411,-2.07442054821714,-1.46236113457054,FALSE,""
"107","Donovan Mitchell","UTA","G",FALSE,FALSE,TRUE,77,33.7,6,46.8,2.4,35.8,4.1,80.6,9.2,30.8,42.5,4.2,-0.5,2.3,5.5,1.4,1.4,4.2,0.4,0.8,3.3,0.551600704955175,2.89272806591405,-1.8671584855624,2.13385947393139,FALSE,""
"108","Donte DiVincenzo","MIL","G",FALSE,FALSE,TRUE,27,15.2,1,68.3,0.8,26.5,0.3,75,1.5,50.4,41.2,2.2,-4.5,0.8,4.3,0.7,0.5,1.1,0.2,0.6,1.8,-0.428225186083718,-1.35547793776003,1.77098469925724,-0.37471304409115,FALSE,""
"109","Dorian Finney-Smith","DAL","F",FALSE,TRUE,FALSE,81,24.5,1.8,54.4,1,31.1,0.9,70.9,3,39,46.1,4.4,-2.5,1.4,7.5,0.8,0.9,1.2,0.4,1.7,3.1,-0.212661026400399,-0.895254299647275,-0.766180557485906,-0.77122861602502,FALSE,""
"110","Doug McDermott","IND","F",FALSE,TRUE,FALSE,77,17.4,1.6,56.7,1.1,40.8,0.9,83.5,8.9,44.7,34.8,2.5,0,0.3,3.7,0.3,0.2,0.9,0.1,0.2,1.2,0.98823838935333,-0.28084686946917,3.12337883331733,-0.568836435437295,FALSE,""
"111","Dragan Bender","PHX","F",FALSE,TRUE,FALSE,46,18,1.4,68.8,0.5,21.8,0.7,59.3,0,28.7,57.4,5.1,-3.2,0.6,9.6,0.4,0.4,1.2,0.5,0.7,3.2,-2.2297195544871,-1.48566277682615,0.190529837569031,-1.92268235433876,FALSE,""
"112","Draymond Green","GSW","F",FALSE,TRUE,FALSE,66,31.3,2.1,54.2,0.7,27.7,1,69.2,4.9,29,53.1,6.3,-3.9,3.2,11.6,1.1,1.4,6.9,1.1,0.9,6.4,-0.99785312897234,-0.824023820116583,-5.03989542213669,0.958242180672652,FALSE,""
"113","Duncan Robinson","MIA","F",FALSE,TRUE,FALSE,15,10.7,0.5,72.7,0.7,28.6,0.3,66.7,8,60,24,2.5,4.5,0.7,2.6,0.3,0.3,0.3,0,0.1,1.1,0.210617756197861,-1.56765541574971,3.33736305358954,0.184297968245569,FALSE,""
"114","Dusty Hannahs","MEM","G",FALSE,FALSE,TRUE,2,13,1.5,42.9,0,0,1,100,0,0,75,1.5,-16.8,0,1.5,0,0.5,2.5,0,0,0.5,-2.84428804201899,-0.971904925360458,3.54991292194286,-0.95307530517564,FALSE,""
"115","Dwayne Bacon","CHA","G-F",FALSE,TRUE,TRUE,43,17.6,1.9,49.4,0.9,43.7,0.8,73.9,4.4,36.1,48.7,3.1,1,0.4,4,0.5,0.3,1.1,0.1,0.2,1.9,0.358639187807879,-0.707420205404482,2.45584341200187,-0.281460606501436,FALSE,""
"116","Dwight Powell","DAL","F-C",TRUE,TRUE,FALSE,77,21.6,3.3,70.1,0.5,30.7,2.5,77.2,0.2,14.4,61.3,5.1,0,1.1,9.4,1,0.6,1.5,0.6,1.8,3.5,-2.3499193249091,0.684103697291147,-1.27861080058264,-1.31761874998452,FALSE,""
"117","Dwyane Wade","MIA","G",FALSE,FALSE,TRUE,72,26.2,4.6,47.3,1.2,33.1,2.3,70.8,14,23.8,46.9,3.8,-0.3,1.6,4.7,1.1,0.8,4.2,0.5,1,3,-0.357263018232115,1.07102899014134,-0.642721084666272,0.950586275451424,FALSE,""
"118","E'Twaun Moore","NOP","G",FALSE,FALSE,TRUE,53,27.6,3.4,50.6,1.4,43.2,0.8,76.3,8.2,36,48.7,3.9,3.6,1.3,5.2,1,0.8,1.9,0.2,0.7,1.7,0.47736881057964,0.174066176449766,0.510145968632617,0.924344885163033,FALSE,""
"119","Ed Davis","BKN","C",TRUE,FALSE,FALSE,81,17.9,2.3,62,0,0,1.2,61.7,0,0,78.8,4.6,-1.6,0.6,6,0.8,0.4,0.8,0.4,2.7,5.9,-4.5473238598751,-1.28680004122909,-0.741789159179205,-2.25110169152705,FALSE,""
"120","Elfrid Payton","NOP","G",FALSE,FALSE,TRUE,42,29.8,3.5,47.6,0.8,31.7,1.3,74.3,2.2,22.2,63.2,5.7,2,2,6.3,1.2,1,7.6,0.4,1.2,4.1,-1.1254241574202,-0.144579641188894,-2.4228728502278,1.97270943240471,FALSE,""
"121","Elie Okobo","PHX","G",FALSE,FALSE,TRUE,53,18.1,1.4,47.5,0.7,29.5,0.7,78.7,7.9,38.5,41.4,3.4,3.4,1,4.4,0.6,0.6,2.4,0.1,0.2,1.6,0.264611233992076,-1.03042348309847,1.65962790819036,0.824982152108774,FALSE,""
"122","Emmanuel Mudiay","NYK","G",FALSE,FALSE,TRUE,59,27.2,4.2,48.4,1.2,32.7,2.4,77.4,15.1,23.7,44.7,4.6,0.9,1.5,5.9,1,0.7,3.9,0.3,0.6,2.8,-0.167263373909589,1.21018995135179,-0.372542148483245,0.94130874991923,FALSE,""
"123","Enes Freedom","POR","C",TRUE,FALSE,FALSE,67,24.5,5.4,56.4,0.1,29.4,2.3,78.7,3.1,3.3,76.7,6.8,0.8,0.8,7.7,0.8,0.5,1.7,0.4,3.8,6,-2.95512178365765,1.06663658051857,-2.23846394719511,-2.53628157338828,FALSE,""
"124","Eric Bledsoe","MIL","G",FALSE,FALSE,TRUE,78,29.1,4.4,58.2,1.6,32.9,2.3,75,3.4,30,52.4,4.6,-1.3,2.5,5.9,1.2,1.5,5.5,0.4,1.1,3.6,-0.681302916261998,1.1081424938859,-2.37663647797176,2.17436115986667,FALSE,""
"125","Eric Gordon","HOU","G",FALSE,FALSE,TRUE,68,31.7,2.5,49.7,3.2,36.1,1.8,78.3,1.5,58.7,29,4.2,0.7,1.4,4.3,0.7,0.6,1.9,0.4,0.3,1.9,2.27661289296134,0.589702739711144,0.850087269834033,0.421838733018504,FALSE,""
"126","Ersan Ilyasova","MIL","F",FALSE,TRUE,FALSE,67,18.4,1.6,49.1,0.9,36.3,0.9,82.4,6.2,38.4,41.9,4.2,-0.3,1.2,5.5,0.5,0.5,0.8,0.3,1.4,3.1,0.564625012524082,-0.618609090722623,0.569756063676739,-0.948194632131188,FALSE,""
"127","Evan Fournier","ORL","G-F",FALSE,TRUE,TRUE,81,31.5,3.8,50.4,1.9,34.3,1.7,80.6,12.7,37.4,38.7,5.4,2.3,1.4,6.2,1.1,0.9,3.6,0.1,0.5,2.7,0.790655660395335,1.00682051450743,-0.553223453988789,1.33751815932207,FALSE,""
"128","Evan Turner","POR","G-F",FALSE,TRUE,TRUE,73,22,2.6,49.5,0.1,21.2,1,70.8,23.5,6.7,54.7,3.9,-2.9,0.7,5.2,0.6,0.5,3.9,0.2,0.5,4,-1.70715144285447,-0.281598885567596,0.591056853845051,-0.0998082205870071,FALSE,""
"129","Frank Jackson","NOP","G",FALSE,FALSE,TRUE,61,19.2,2.3,50.7,0.9,31.2,0.9,74,6.5,32.1,50.5,3.1,3.9,0.4,3.7,0.8,0.4,1.1,0,0.4,1.8,-0.361342965033558,-0.589132186705177,2.21724007861859,0.296914785016435,FALSE,""
"130","Frank Kaminsky","CHA","F-C",TRUE,TRUE,FALSE,47,16.1,1.9,55.3,1.1,36,1.7,73.8,1.5,37,42,4.6,4.3,0.6,6.3,0.4,0.3,1.3,0.3,0.8,2.6,0.0550099618145513,-0.333229816679023,1.26766350716661,-0.859034645074731,FALSE,""
"131","Frank Mason III","SAC","G",FALSE,FALSE,TRUE,38,11.5,1.5,54.3,0.4,21.9,1,68.4,12.3,21.5,46.2,2,-0.4,0.6,2,0.4,0.4,2.2,0.1,0.2,1,-1.19226531179719,-0.95568444680852,2.95452792994191,0.370922883997664,FALSE,""
"132","Frank Ntilikina","NYK","G",FALSE,FALSE,TRUE,43,21,1.5,38.8,0.8,28.6,0.5,76.7,16.3,40.2,34.1,3.6,0.6,1.1,4.8,1,0.7,2.8,0.3,0.3,1.7,0.986103380222628,-1.03669031282675,0.703935916985485,0.890202197399779,FALSE,""
"133","Fred VanVleet","TOR","G",FALSE,FALSE,TRUE,64,27.5,2.1,44,1.8,37.8,1.5,84.3,10.3,47.9,28,5,3.7,2.2,5.6,0.9,0.9,4.8,0.3,0.3,2.3,1.95872740498531,0.188444758420784,-0.648863750765888,2.01710858896922,FALSE,""
"134","Furkan Korkmaz","PHI","G-F",FALSE,TRUE,TRUE,48,14.2,1.1,50.5,1,32.6,0.8,81.8,4.3,50.5,32.3,2.3,0,0.9,2.9,0.6,0.6,1.1,0,0.3,1.9,1.03395291566936,-1.00068576971509,2.26555241100918,0.478529236676899,FALSE,""
"135","Garrett Temple","LAC","G-F",FALSE,TRUE,TRUE,75,27.2,1.6,51.8,1.2,34.1,1.1,74.8,7.5,46.1,32.8,4.6,1.4,2,5.8,0.9,1,1.4,0.4,0.4,2.5,0.860583117911455,-0.625867740682686,-0.334242538397769,0.895430938263563,FALSE,""
"136","Gary Clark","HOU","F",FALSE,TRUE,FALSE,51,12.6,0.2,69.2,0.8,29.7,0.1,100,0,83.1,12.2,2.8,6.2,0.7,3.5,0.5,0.4,0.4,0.5,0.5,1.8,1.95480666040307,-1.34254070570332,2.19382230282537,-0.236015782989631,FALSE,""
"137","Gary Harris","DEN","G",FALSE,FALSE,TRUE,57,28.8,3.3,47.6,1.4,33.6,2,79.9,6.2,33.4,44.8,3.3,-2.1,2,4.3,1.3,1,2.2,0.3,0.7,2.1,0.261276048716354,0.53417572509041,-0.312604154919553,1.38514918570665,FALSE,""
"138","George Hill","MIL","G",FALSE,FALSE,TRUE,60,21.7,2,54.7,0.8,31.4,1.2,82.4,10.9,31.4,42.4,3.9,1.1,1.4,4.9,0.7,0.9,2.3,0.1,0.7,1.8,-0.075901944899233,-0.160252409829343,0.656529575883182,0.856162627695042,FALSE,""
"139","Gerald Green","HOU","G-F",FALSE,TRUE,TRUE,73,20.2,1,55.1,2.1,35.5,0.8,83.8,3.9,69.3,18.4,3.3,2.9,0.7,5,0.6,0.5,0.5,0.4,0.4,2.1,2.45772650506296,-0.587286699085446,1.6396619424967,-0.371209752731679,FALSE,""
"140","Giannis Antetokounmpo","MIL","F",FALSE,TRUE,FALSE,72,32.8,9.3,64,0.7,25.6,6.9,72.9,4,7.8,63.1,4.8,-5.6,2.1,9.5,1.6,1.3,5.9,1.5,2.2,10.3,-3.29069782581497,4.50615215044307,-5.80522186298734,-0.654720679214642,FALSE,""
"141","Glenn Robinson III","DET","G-F",FALSE,TRUE,TRUE,47,13,1.2,49.1,0.4,29.5,0.7,80,13.1,27.3,43.4,2.4,3.5,0.6,3,0.5,0.3,0.4,0.2,0.4,1.1,-0.164421623194133,-0.892932177985946,2.85091733004908,-0.115032336274792,FALSE,""
"142","Goran Dragic","MIA","G",FALSE,FALSE,TRUE,36,27.5,3.4,45.4,1.6,35,2.2,78.2,7.3,34.6,42.1,3.9,-0.9,1.3,5,1.1,0.8,4.8,0.1,0.6,2.5,0.580756579289792,0.693720608594398,-0.095303598287526,1.44365472173886,FALSE,""
"143","Gordon Hayward","BOS","F",FALSE,TRUE,FALSE,72,25.9,3,54.2,1.1,33.3,2.2,83.4,14.5,28,38.5,3.2,-2.9,1,5.4,0.8,0.9,3.4,0.3,0.7,3.8,0.124443066470327,0.909746413105063,0.0422204734599467,0.324322151546446,FALSE,""
"144","Gorgui Dieng","MIN","C",TRUE,FALSE,FALSE,76,13.6,2.2,53,0.3,33.9,1.2,83,30.5,11.8,39.6,3.6,0.4,1.1,5.8,0.7,0.6,0.9,0.5,1.1,3,-0.261832990714771,0.490851424294705,0.442108297110115,-0.694923320030714,FALSE,""
"145","Grayson Allen","UTA","G",FALSE,FALSE,TRUE,38,11,0.9,44.3,0.8,32.3,1.2,75,7.6,45.5,25.6,2.4,2.5,0.2,2.5,0.2,0.2,0.7,0.2,0.1,0.5,1.17143094843149,-1.12879817809905,3.6472341999606,-0.398920550131278,FALSE,""
"146","Greg Monroe","PHI","C",TRUE,FALSE,FALSE,43,11.2,2.1,49.5,0,20,1,62.5,3.5,1.3,75.7,3.8,0.7,0.6,4.7,0.5,0.3,0.6,0.2,1.6,2.4,-3.02383785989302,-1.26447716178899,1.41545964308201,-1.24280208508585,FALSE,""
"147","Hamidou Diallo","OKC","G",FALSE,FALSE,TRUE,51,10.3,1.4,50.7,0.1,16.7,0.7,61,3.2,6.3,71.6,1.9,3.4,0.5,2,0.5,0.4,0.3,0.2,0.7,1.2,-2.8447788398104,-1.70215233690518,2.95462998226768,-0.110349623632457,FALSE,""
"148","Harrison Barnes","SAC","F",FALSE,TRUE,FALSE,77,32.9,3.3,43.9,2.3,39.5,3,82.4,7.1,41.3,33.5,4.9,0,1.3,8.2,0.9,0.6,1.5,0.2,0.7,3.9,1.65097195699537,1.38478892726735,-0.395968502054417,-0.30378748725586,FALSE,""
"149","Harry Giles III","SAC","F-C",TRUE,TRUE,FALSE,58,14.1,3,51.2,0,0,1,63.7,9.8,0,76,3.2,-1.3,0.9,4.7,0.5,0.5,1.5,0.4,1.1,2.7,-3.90073136858151,-1.00151578193939,1.08418115508799,-0.765582923133017,FALSE,""
"150","Hassan Whiteside","MIA","C",TRUE,FALSE,FALSE,72,23.3,5.4,58.1,0,12.5,1.5,44.9,4.1,0.7,83,5.7,-5.9,1,9.9,0.7,0.6,0.8,1.9,3.6,7.8,-4.60753991585415,-0.380079041664405,-3.84190027603784,-4.69460260740999,TRUE,"Hassan Whiteside"
"151","Henry Ellenson","NYK","F",FALSE,TRUE,FALSE,19,13.6,1.2,38.6,0.9,44.7,1,76,8.8,44.7,29.8,3,7.3,0.3,4.4,0.3,0.4,0.8,0.1,0.3,3.2,1.80610234741451,-0.930510335712815,2.46247391031598,-0.2251823521527,FALSE,""
"152","Ian Clark","NOP","G",FALSE,FALSE,TRUE,60,16.2,1.4,47,1.1,32.7,0.6,89.2,10.5,49.4,31.9,3.2,9.2,0.6,3.2,0.4,0.4,1.6,0.1,0.2,1.3,1.43013700901601,-0.619816923682515,2.71988235778445,0.681273567066324,FALSE,""
"153","Ian Mahinmi","WAS","C",TRUE,FALSE,FALSE,34,14.6,1.3,49.4,0.1,18.8,1.2,68.9,0,6.5,63.3,4.2,4.6,1.4,5.7,0.3,0.7,0.7,0.5,1.4,2.4,-2.36370120820461,-1.4039663213121,0.599442932226023,-0.625935104919382,FALSE,""
"154","Iman Shumpert","HOU","G",FALSE,FALSE,TRUE,62,23.9,1.2,41.6,1.5,34.8,0.6,80,14.6,61.3,16.3,4,5.8,1.9,3.8,1,1,1.8,0.4,0.4,2.5,2.61897254990183,-0.824914070515545,0.100474650145734,1.60046351437614,FALSE,""
"155","Isaac Humphries","ATL","C",TRUE,FALSE,FALSE,5,11.3,0.6,30,0.6,27.3,0,0,0,60,40,3,4,1.2,3.4,0,0.2,0,0,0.8,1.4,-0.109288940810486,-4.5132087846128,2.93529729078662,-0.483079455110819,FALSE,""
"156","Isaiah Briscoe","ORL","G",FALSE,FALSE,TRUE,39,14.3,1.1,42.3,0.3,32.4,0.4,57.7,14.7,24.3,50,2.5,-1.4,0.6,3,0.3,0.3,2.2,0.1,0.1,1.8,-0.487949672151757,-1.69075255053826,2.71241350258454,-0.0459861774571464,FALSE,""
"157","Isaiah Canaan","MIL","G",FALSE,FALSE,TRUE,30,20.9,1,44.1,1.1,35.4,0.6,79.2,8.8,56.4,24.3,3.7,4.5,0.8,2.8,0.9,0.5,2.8,0.1,0.2,1.7,1.88851561092012,-1.14833096415724,1.63633231878366,1.19876772544139,FALSE,""
"158","Isaiah Thomas","DEN","G",FALSE,FALSE,TRUE,12,15.1,1.8,40.7,1,27.9,1.4,63,12.4,37.1,33,1.8,-10.6,0.8,1.9,0.5,0.4,1.9,0.1,0.4,0.7,0.532883474623585,-0.888227823253921,2.61383290130523,-0.293016758536478,FALSE,""
"159","Ish Smith","DET","G",FALSE,FALSE,TRUE,56,22.3,2.9,45.4,0.8,32.6,0.8,75.8,18.8,26.3,45.5,3.7,1.9,0.8,4.3,0.9,0.5,3.6,0.2,0.4,2.2,0.0347192182441698,-0.0894871744812583,1.00361131885268,0.796135678643724,FALSE,""
"160","Ivan Rabb","MEM","F",FALSE,TRUE,FALSE,49,14.7,2.3,57.4,0.1,20,1,71,9.2,3.2,70.4,3.8,6.2,0.6,5.3,0.5,0.3,1.1,0.3,1.4,2.8,-2.83861315593435,-0.635684116372473,1.31687417415025,-0.830154695450305,FALSE,""
"161","J.J. Barea","DAL","G",FALSE,FALSE,TRUE,38,19.8,3.2,47.9,1,29.7,1.4,70.5,18.3,27.5,41,3,3.8,0.7,2.2,0.8,0.6,5.6,0,0.3,2.2,-0.0824929611752223,0.189273057626488,1.51402011979326,1.87036524030443,FALSE,""
"162","Jabari Parker","WAS","F",FALSE,TRUE,FALSE,64,26.9,4.8,55.9,1,31.4,2,71.2,12.3,19.7,54,5.4,1.6,1,7,1,0.7,2.4,0.5,1.2,5.3,-1.21470413553547,1.05352121183379,-1.21075606064649,-0.48414682501504,FALSE,""
"163","Jae Crowder","UTA","F",FALSE,TRUE,FALSE,80,27.1,1.8,52,2.1,32.8,1.8,72.1,5.7,54.6,24.8,3.8,-2.6,1.2,5.6,1,0.8,1.7,0.4,0.8,4.1,1.56934849409607,-0.100844082748171,-0.292977227414125,-0.105019524017003,FALSE,""
"164","Jahlil Okafor","NOP","C",TRUE,FALSE,FALSE,59,15.8,3.6,59.1,0,20,1,66.3,2.9,0.6,84.3,4.5,-1.7,0.3,7.1,0.4,0.3,0.7,0.7,1.4,3.3,-3.78135184511527,-0.514421649779629,0.558927252140942,-2.37399402127973,FALSE,""
"165","JaKarr Sampson","CHI","F",FALSE,TRUE,FALSE,4,31.8,6,61.5,1.3,35.7,4.3,81,10,18.8,50,5.3,-4.7,1.8,9.8,0.8,1,1,0.8,1.3,6.8,-1.09354725856666,2.94150395287492,-2.53668373213479,-1.50198402494823,FALSE,""
"166","Jake Layman","POR","F",FALSE,TRUE,FALSE,71,18.7,2.2,64.6,0.8,32.6,0.7,70.4,5.9,32.7,52.1,2.9,2.6,0.9,4.1,0.6,0.4,0.7,0.4,0.8,2.3,-0.995822348272795,-0.592477237584484,1.6314944826128,-0.418116688004328,FALSE,""
"167","Jalen Brunson","DAL","G",FALSE,FALSE,TRUE,73,21.8,2.7,52.2,0.9,34.8,1.2,72.5,10.6,27.9,48.7,4.2,3.2,0.9,4.1,0.7,0.5,3.2,0.1,0.3,2,-0.348348780488833,-0.126315016787972,1.28845500019656,0.834377832939339,FALSE,""
"168","Jalen Jones","CLE","F",FALSE,TRUE,FALSE,16,13.4,1,47.1,0.6,35.7,1.2,70.4,2.5,37,37,2.8,9.2,0.6,4.5,0.3,0.6,0.4,0.1,0.7,1.4,0.345559661791591,-1.27025092907474,2.51954141225059,0.134180445734456,FALSE,""
"169","Jamal Crawford","PHX","G",FALSE,FALSE,TRUE,64,18.9,1.7,45.3,1.1,33.2,1.5,84.5,24.4,39.6,17.7,2.4,7.5,0.6,1.9,0.4,0.5,3.6,0.2,0.1,1.2,1.76393330435969,0.228583105857101,2.70556600713072,1.28644974633948,FALSE,""
"170","Jamal Murray","DEN","G",FALSE,FALSE,TRUE,75,32.6,4.8,47.6,2,36.7,2.5,84.8,16.7,33.4,36.1,4.5,0.3,1.6,6.5,1.3,0.9,4.8,0.4,0.9,3.4,1.02646452334627,1.97270273424068,-1.378977469394,1.23630396599886,FALSE,""
"171","James Ennis III","PHI","F",FALSE,TRUE,FALSE,58,21.2,1.4,60.1,0.9,35.3,1,71.6,1.5,42.4,41.1,3.8,6.3,1.5,4.3,0.8,0.7,0.7,0.4,1,2.1,-0.0497755034544633,-0.916373601142985,0.710009091000676,0.440109362892706,FALSE,""
"172","James Harden","HOU","G",FALSE,FALSE,TRUE,78,36.8,6,52.8,4.8,36.8,9.7,87.9,2.4,40.2,30.6,6.6,-1.5,3.5,6.8,1.5,2,7.5,0.7,0.8,5.8,1.92491990228851,6.40016028932152,-5.02206896886723,3.29522551063445,FALSE,""
"173","James Johnson","MIA","F",FALSE,TRUE,FALSE,55,21.2,2.1,49.6,0.9,33.6,0.9,71.4,3.3,35,50,3.5,-4.7,1.6,6.3,0.7,0.6,2.5,0.5,0.4,2.8,-0.213022401360972,-0.831674524130765,0.159573148520338,-0.130478957267204,FALSE,""
"174","JaMychal Green","LAC","F",FALSE,TRUE,FALSE,65,21.1,2.5,53,1.1,40.3,1.2,79.2,8.2,34.9,43.9,3.1,-2.2,1.2,4.6,0.6,0.7,0.8,0.5,1.6,4.7,0.37629417535344,0.0246363437990283,0.108125643630955,-1.06762464768011,FALSE,""
"175","Jared Dudley","BKN","F",FALSE,TRUE,FALSE,59,20.7,0.8,54.5,0.9,35.1,0.5,69.6,7,55.4,26.5,3.7,-2,0.9,5.5,0.5,0.6,1.4,0.3,0.6,2.1,1.08666565274306,-1.45078093793642,1.15389198029751,-0.48621056567321,FALSE,""
"176","Jaren Jackson Jr.","MEM","F-C",TRUE,TRUE,FALSE,58,26.1,4.3,55.1,0.9,35.9,2.6,76.6,2,19.2,59.9,4.9,-2.3,1.3,10.8,1.2,0.9,1.1,1.4,1.3,3.4,-1.28241940339945,1.00731898431725,-2.36225522019453,-1.64201805720883,FALSE,""
"177","Jaron Blossomgame","CLE","F",FALSE,TRUE,FALSE,27,16.3,1.4,54.4,0.4,25.6,0.4,76.9,7,26.3,57.9,2.9,-0.4,0.6,3.7,0.3,0.3,0.5,0.3,1,2.7,-1.16678804751285,-1.16821071554282,2.06184839072237,-1.16528086567301,FALSE,""
"178","Jarrett Allen","BKN","C",TRUE,FALSE,FALSE,80,26.2,4.1,62.9,0.1,13.3,2.5,70.9,0.5,2.1,74.9,8.6,0.4,1,15.7,0.7,0.5,1.4,1.5,2.4,6,-3.89207313506753,0.350957772198444,-4.08978449263544,-3.94750982613286,TRUE,"Jarrett Allen"
"179","JaVale McGee","LAL","C",TRUE,FALSE,FALSE,75,22.3,5.3,63.4,0,8.3,1.3,63.2,2.5,0.3,86.5,6.7,-2.9,1.1,11.7,0.6,0.6,0.7,2,2.6,4.9,-4.75570931167957,-0.021953633313855,-3.30041446409263,-4.14272031605044,TRUE,"JaVale McGee"
"180","Jaylen Adams","ATL","G",FALSE,FALSE,TRUE,34,12.6,0.4,36.1,0.7,33.8,0.2,77.8,7.4,69.4,16.7,2,1.2,0.6,2.6,0.5,0.4,1.9,0.1,0.3,1.4,2.55017974110629,-2.05960592927424,2.73203407203408,0.34200604656936,FALSE,""
"181","Jaylen Brown","BOS","G",FALSE,FALSE,TRUE,74,25.9,3.7,52.9,1.3,34.4,1.8,65.8,8.1,29.6,48.5,4.3,-1.4,1.6,5.9,0.9,0.9,1.4,0.4,0.9,3.4,-0.451993502102574,0.362801267477095,-0.456852750989083,0.0812467382389226,FALSE,""
"182","Jayson Tatum","BOS","F",FALSE,TRUE,FALSE,79,31.1,4.4,48.3,1.5,37.3,2.5,85.5,16.3,28,40.1,4.5,-3,1.9,7.6,1.1,1.1,2.1,0.7,0.9,5.2,0.568337823725721,1.7168877036031,-1.97453603423459,-0.00932280785917666,FALSE,""
"183","Jeff Green","WAS","F",FALSE,TRUE,FALSE,77,27.2,2.8,58.9,1.5,35,2.4,88.8,9.5,35.2,35.9,5.9,0.1,0.9,8.9,0.5,0.6,1.8,0.5,0.7,3.3,0.501957741491438,1.13597339645437,-0.341379968210741,-1.10259615932344,FALSE,""
"184","Jeff Teague","MIN","G",FALSE,FALSE,TRUE,42,30.1,3.4,45.3,0.8,33.3,2.9,80.4,8.6,20.6,46.7,5,3.7,2.2,5.3,0.8,1,8.2,0.4,0.4,2.1,-0.340791399141586,0.87232939257314,-1.1148437425493,2.74130114217255,FALSE,""
"185","Jemerrio Jones","LAL","F",FALSE,TRUE,FALSE,6,23.9,1.7,45.5,0.3,20,0.2,50,0,22.2,74.1,5,-5.2,1.7,5.2,1.3,1.2,2.2,0.8,2.7,5.5,-2.34718702770917,-2.32375818869652,-2.87329190233835,-0.721552548568204,FALSE,""
"186","Jerami Grant","OKC","F",FALSE,TRUE,FALSE,80,32.7,3.7,55.4,1.5,39.9,2,71,3.3,31.7,50.6,5.8,0.1,1.1,9.9,1,0.8,1,1.3,1.2,4,-0.231390248261483,0.634987848073365,-2.05045438899852,-1.71922935357707,FALSE,""
"187","Jeremy Lamb","CHA","G",FALSE,FALSE,TRUE,79,28.5,4,48.6,1.5,34.8,2.9,88.8,11.8,28.6,40.6,5.5,3.1,2,6.4,1,1.1,2.2,0.4,0.8,4.7,0.472882878736159,1.6810678085333,-1.51172717566913,0.85965729215173,FALSE,""
"188","Jeremy Lin","TOR","G",FALSE,FALSE,TRUE,74,19.4,2.5,51.7,0.7,29.4,2.4,83.8,9.6,23.3,42.1,4,3.6,1,4.2,0.9,0.6,3.1,0.2,0.3,2.1,-0.386768432958925,0.475571690933981,0.931656985810745,1.04735996915336,FALSE,""
"189","Jerian Grant","ORL","G",FALSE,FALSE,TRUE,60,15.6,0.8,46.2,0.7,36.7,0.4,65,21.6,48,20,3.1,5.4,1.3,3.2,0.4,0.7,2.6,0.1,0.3,1.3,1.5445789234254,-1.32169332918531,1.92387965122479,1.23857757527755,FALSE,""
"190","Jerryd Bayless","MIN","G",FALSE,FALSE,TRUE,34,19.3,1.6,40.2,0.8,29.6,0.5,57.1,23.9,41.6,26.8,3.3,5.7,0.9,2.8,0.5,0.5,3.5,0.1,0.3,1.5,0.967435014372211,-1.26964636617988,2.02189336458598,1.17446364808254,FALSE,""
"191","Jevon Carter","MEM","G",FALSE,FALSE,TRUE,39,14.8,0.6,26.5,0.9,33.3,0.7,81.3,10.5,59.3,15.1,2.4,2.1,1.3,2.7,0.7,0.7,1.8,0.3,0.4,1.3,2.8663424706212,-1.59703486487034,1.71885305055827,0.930724339154727,FALSE,""
"192","Jimmer Fredette","PHX","G",FALSE,FALSE,TRUE,6,10.8,1.3,50,0,0,1,100,18.2,0,54.5,2,11,0.5,1.3,0.7,0.5,1.3,0,0.2,1,-2.17574764530233,-0.365408257509649,3.19481921793806,1.43045822153214,FALSE,""
"193","Jimmy Butler","PHI","G-F",FALSE,TRUE,TRUE,65,33.6,5.4,49.6,1,35.5,4.8,85.5,13.8,16.5,44,5.9,2.5,3,7.5,1.4,1.9,4,0.6,1.9,3.4,-0.459427410603127,2.87606846410194,-3.82600705123333,2.08301760840739,FALSE,""
"194","JJ Redick","PHI","G",FALSE,FALSE,TRUE,76,31.3,2.8,49.9,3.1,39.7,3,89.4,19.5,52.5,11.4,4,3.1,0.7,4.7,0.7,0.4,2.7,0.2,0.3,2.2,3.17058205835234,2.11812305928116,1.37449110208729,0.350950809434056,FALSE,""
"195","Joakim Noah","MEM","C",TRUE,FALSE,FALSE,42,16.5,2.6,51.9,0,0,1.9,71.6,2.7,0,71.1,3.7,-6.1,0.9,5.7,0.6,0.5,2.1,0.7,1.4,4.3,-3.73953353682905,-0.729129944527022,-0.160903626472918,-1.59163445754329,FALSE,""
"196","Jodie Meeks","TOR","G",FALSE,FALSE,TRUE,8,13,1.6,61.9,1,44.4,0.1,100,7.8,47.1,43.1,2.1,17.8,0.5,1.4,0.3,0.1,1,0.1,0.1,1.4,1.02206078882591,-0.140709116643403,3.95078168815844,1.06033850837551,FALSE,""
"197","Joe Harris","BKN","F-G",FALSE,TRUE,TRUE,76,30.2,2.5,52.8,2.4,47.4,1.4,82.7,2.7,52.7,34,4.8,0.5,0.7,7.4,1,0.5,2.4,0.2,0.7,3.1,2.03048183100222,0.511062014538152,0.0557587152571347,-0.20603368772622,FALSE,""
"198","Joe Ingles","UTA","F",FALSE,TRUE,FALSE,82,31.3,2.1,54,2.3,39.3,1.1,70.7,2.8,57,31.4,4.7,2.1,2.6,4.8,1,1.2,5.7,0.2,0.4,3.6,1.62910455480701,-0.242876907188665,-1.37113721525087,2.70786846640743,FALSE,""
"199","Joel Embiid","PHI","F-C",TRUE,TRUE,FALSE,64,33.7,7.8,53.3,1.2,30.4,8.2,80.4,9.4,13.5,47.5,9.5,-5.1,1.2,13,1.4,0.7,3.7,1.9,2.5,11.1,-1.46603502046443,4.98753534744088,-6.73581921329249,-3.57205641289113,TRUE,"Joel Embiid"
"200","John Collins","ATL","F-C",TRUE,TRUE,FALSE,61,30,6.7,60.9,0.9,34.8,3.3,76.3,2.5,13.9,66.5,5.9,-1.2,0.7,10.5,0.9,0.4,2,0.6,3.6,6.2,-2.18073576145707,2.23303363354682,-2.55885550701923,-3.0419170854056,FALSE,""
"201","John Henson","CLE","F",FALSE,TRUE,FALSE,14,13.5,1.4,55.6,0.8,35.5,0.4,60,0,41.8,50.6,2.6,-14.3,0.6,6.6,0.9,0.5,1,0.8,1.1,3.9,-0.441043773404938,-1.64355721334623,-0.0785663229594559,-2.29597174868481,FALSE,""
"202","John Jenkins","NYK","G",FALSE,FALSE,TRUE,26,12.8,0.8,43.5,0.8,37.3,0.6,83.3,21.5,54.5,11.6,1.6,2.4,0.3,1.9,0.3,0,0.8,0.1,0.2,1.2,2.49229828226959,-0.81743409262323,3.84472499388165,-0.344276206748755,FALSE,""
"203","John Wall","WAS","G",FALSE,FALSE,TRUE,32,34.5,6.1,50.7,1.6,30.2,3.8,69.7,13.3,23.1,45.2,5.6,2.4,2.8,6.9,1.4,1.5,8.7,0.9,0.5,3.2,-0.636783528110842,2.35605918616277,-3.50820332630545,3.20673495267387,FALSE,""
"204","Johnathan Williams","LAL","F",FALSE,TRUE,FALSE,24,15.5,2.6,60,0,0,1.1,56.3,2.5,0,80.3,3.5,-1.9,0.9,5.2,0.5,0.3,0.5,0.3,2,2.1,-4.60451272080769,-1.33761575870089,1.07146416604455,-1.5899467231118,FALSE,""
"205","Jonah Bolden","PHI","F",FALSE,TRUE,FALSE,44,14.5,1.1,69.7,0.8,35.1,0.3,48.1,1,49.3,43.5,3.1,-4.6,0.9,4.6,0.4,0.4,0.9,0.9,1.1,2.7,-0.777407051267405,-1.88782547991266,0.9097932955789,-1.74000470479603,FALSE,""
"206","Jonas Jerebko","GSW","F",FALSE,TRUE,FALSE,73,16.7,1.3,56.6,0.9,36.4,0.9,80,8.7,45.1,32.2,2.9,-0.3,0.5,4.2,0.5,0.4,1.3,0.2,1,3,0.770984569194527,-0.630647824240886,1.67704030350047,-0.766166920278965,FALSE,""
"207","Jonas Valanciunas","MEM","C",TRUE,FALSE,FALSE,49,22.3,5.8,58.5,0.3,29.2,3,79.5,6,5.5,69.2,6.3,-3.1,0.8,11.1,0.6,0.4,1.4,1.1,2.2,6.4,-2.67153939162948,1.70748752747388,-2.35960368806336,-3.39319721012624,FALSE,""
"208","Jonathan Isaac","ORL","F",FALSE,TRUE,FALSE,75,26.6,2.4,51.5,1.2,32.3,1.5,81.5,10,35.8,38.9,4,-2.7,1.9,7.7,0.8,0.8,1.1,1.3,1.3,4.2,0.413300749855254,0.127108365394025,-1.5990116408295,-1.35066413537938,FALSE,""
"209","Jonathon Simmons","PHI","F",FALSE,TRUE,FALSE,56,19,1.9,42,0.5,26.7,1.3,74.2,11.5,23,45.9,3,0.8,0.9,3.3,0.6,0.5,2.3,0.3,0.5,1.8,-0.375356871876929,-0.695261359249118,1.67838177724896,0.28325908114475,FALSE,""
"210","Jordan Bell","GSW","F",FALSE,TRUE,FALSE,68,11.6,1.4,51.9,0,0,0.4,61,19.7,0,69.1,3.3,1.8,0.7,5.2,0.4,0.3,1.1,0.8,0.8,1.9,-3.40699443713104,-1.53747688451304,1.43735899759201,-1.20531229492101,FALSE,""
"211","Jordan Clarkson","CLE","G",FALSE,FALSE,TRUE,81,27.3,4.7,52.8,1.8,32.4,2,84.4,16.6,31.7,39.9,4,1.1,1.2,5.9,0.8,0.7,2.4,0.2,1,2.3,0.414663207822531,1.67356983871281,0.340014764208139,0.271749659707867,FALSE,""
"212","Jordan McRae","WAS","G",FALSE,FALSE,TRUE,27,12.3,1.9,55.4,0.4,29.4,1,80,27.5,18.8,36.3,3.1,4.2,0.7,3.6,0.1,0.5,1.1,0.3,0.2,1.3,-0.271476522555611,0.0894025819020134,2.63991527618418,-0.106926850938558,FALSE,""
"213","Jose Calderon","DET","G",FALSE,FALSE,TRUE,49,12.9,0.6,49.2,0.3,24.6,0.2,81.8,38.9,37.2,15.9,2.4,3.4,0.8,2.3,0.4,0.3,2.3,0.1,0.2,1,1.23536568376902,-0.693140964991659,2.87983861484053,0.617518613892088,FALSE,""
"214","Josh Hart","LAL","G",FALSE,FALSE,TRUE,67,25.6,1.4,51.1,1.4,33.6,0.8,68.8,2.3,52.6,34.7,4.8,-1.9,1.5,8.5,1,1,1.4,0.6,0.5,3.2,0.908780213238231,-1.13449558941106,-1.05034511369318,-0.129887532910608,FALSE,""
"215","Josh Jackson","PHX","F",FALSE,TRUE,FALSE,79,25.2,3.5,44.6,0.9,32.4,1.8,67.1,11,24.1,49.2,4.7,1.5,1.4,6.2,0.8,0.9,2.3,0.7,0.8,3.6,-0.467642970600767,0.123407059677396,-0.704440332984672,0.0225036387981968,FALSE,""
"216","Josh Okogie","MIN","G",FALSE,FALSE,TRUE,74,23.7,1.8,46.4,0.8,27.9,1.6,72.8,8.4,31.6,39.3,4.9,3.3,2.1,5.8,0.8,1.2,1.2,0.4,0.6,2.4,-0.0103944952902064,-0.585638499971359,-0.513476572097735,1.03838683938329,FALSE,""
"217","Josh Richardson","MIA","G-F",FALSE,TRUE,TRUE,73,34.8,3.5,45.7,2.3,35.7,2.7,86.1,13.1,40.7,29.8,5.7,-0.3,2.5,8.1,1.4,1.1,4.1,0.5,0.7,2.9,1.68717390631759,1.57676678867096,-2.39844882452793,1.55339348106337,FALSE,""
"218","JR Smith","CLE","G-F",FALSE,TRUE,TRUE,11,20.2,1.4,37.5,1.1,30.8,0.7,80,21.6,48.6,18.9,3.9,10.4,1.3,2.8,0.7,1,1.9,0.3,0,1.6,2.10716474005773,-0.686252600710069,1.33899355305065,1.89017319366455,FALSE,""
"219","Jrue Holiday","NOP","G",FALSE,FALSE,TRUE,67,35.8,6.4,53.9,1.8,32.5,3.1,76.8,7.7,24.9,52.7,7.5,0.4,3.1,8.6,1.5,1.6,7.7,0.8,1.1,3.9,-0.716443084580625,2.32333507939209,-4.7756592508821,2.5827690102562,FALSE,""
"220","Juancho Hernangomez","DEN","F",FALSE,TRUE,FALSE,70,19.4,1,54.5,0.9,36.5,0.9,76.7,2.5,48.5,32.8,3.4,-2.6,0.7,5.8,0.6,0.4,0.8,0.3,0.9,2.9,0.793710330727926,-1.07097745970971,1.1319375772017,-1.11164751784885,FALSE,""
"221","Julian Washburn","MEM","F-G",FALSE,TRUE,TRUE,18,14.1,0.6,45.8,0.3,20.8,0.2,75,20,37.5,35,2.7,-0.4,0.8,2.9,0.6,0.7,0.8,0.1,0.4,1.8,0.198158401708967,-1.55578454102834,2.05413016065013,0.270665628638507,FALSE,""
"222","Julius Randle","NOP","C-F",TRUE,TRUE,FALSE,73,30.6,6.9,56.4,0.9,34.4,4.9,73.1,2.9,12.8,61.5,6,-1.8,1.1,9.7,1.2,0.7,3.1,0.6,2.2,6.5,-2.03711288594367,2.85167616135801,-2.86681139341622,-1.37721018390353,FALSE,""
"223","Justin Holiday","MEM","F-G",FALSE,TRUE,TRUE,82,31.8,1.7,44.6,1.9,34.3,1.2,89.6,10.5,56.7,21.7,5.1,0,2.3,7.3,1,1.5,1.8,0.4,0.6,3.4,2.42717431695135,-0.00903678818949063,-1.6679634799274,1.2063846370643,FALSE,""
"224","Justin Jackson","DAL","F",FALSE,TRUE,FALSE,81,19.9,1.6,54.4,1.1,35.5,0.8,78.5,7.9,44.8,36.7,3.6,0.6,0.4,4.6,0.7,0.4,1.2,0.2,0.5,2.1,0.703339862732026,-0.60704324548226,1.70666818011119,-0.382889590540939,FALSE,""
"225","Justise Winslow","MIA","F-G",FALSE,TRUE,TRUE,66,29.7,3.5,46.2,1.4,37.5,1.3,62.8,9.4,34.7,45.5,5.1,-1.4,1.6,6.7,1.3,1.1,4.3,0.3,1,4.4,0.215165175293034,-0.0479213067065752,-1.87594431911233,1.07262473662021,FALSE,""
"226","Jusuf Nurkic","POR","C",TRUE,FALSE,FALSE,72,27.4,5.8,52.3,0,10.3,3.9,77.3,8,0.8,66.1,7.2,-5.4,1.8,12.8,1.1,1,3.2,1.4,3.4,7,-3.40021788360332,1.63493015995599,-5.37292061381272,-2.80944100322259,TRUE,"Jusuf Nurkic"
"227","Kadeem Allen","NYK","G",FALSE,FALSE,TRUE,19,21.9,2.5,46.2,0.9,47.2,2.2,77.8,9.5,27,41.3,3.4,2.5,1.5,3.8,0.9,0.8,4,0.2,0.4,2.3,0.649173654066987,0.432209110408581,0.531534392913734,1.63745787756754,FALSE,""
"228","Karl-Anthony Towns","MIN","C",TRUE,FALSE,FALSE,77,33,7,56.1,1.8,40,4.9,83.6,7.9,22.7,49.5,8.3,-0.3,1.6,14.7,1.4,0.9,3.4,1.6,3.4,9,-0.467371452899071,3.66673590228183,-6.5167806065949,-2.99926901259761,TRUE,"Karl-Anthony Towns"
"229","Kawhi Leonard","TOR","F",FALSE,TRUE,FALSE,60,34,7.5,54.2,1.9,37.1,6.1,85.4,19,21.1,37.1,4.6,-2,3.2,7.1,1.7,1.8,3.3,0.4,1.3,6,-0.00698058873542889,4.71444953856928,-3.88938599513652,2.19336178631398,FALSE,""
"230","Keita Bates-Diop","MIN","F",FALSE,TRUE,FALSE,30,16.8,1.6,52.2,0.4,25,0.6,64.3,5.3,25.8,57,3.3,-1.9,1.1,5.3,0.4,0.6,0.6,0.5,0.5,2.2,-1.39133820756598,-1.44716404694488,1.26210648707255,-0.734345264731473,FALSE,""
"231","Kelly Olynyk","MIA","F",FALSE,TRUE,FALSE,79,22.9,1.9,60.4,1.4,35.4,1.9,82.2,3.8,43.1,33.8,4.6,0,1.5,6.9,0.7,0.7,1.8,0.5,0.9,3.8,0.576339582463351,0.19657846204888,-0.450784643491995,-0.381338446994469,FALSE,""
"232","Kelly Oubre Jr.","PHX","F",FALSE,TRUE,FALSE,69,28,3.9,53.1,1.6,32,2.7,77.5,5,30.9,46,4.7,0.9,3,6.4,0.8,1.2,1.2,0.9,1,3.7,-0.184845188042816,1.12104996883051,-1.82100228448957,0.517488423592579,FALSE,""
"233","Kemba Walker","CHA","G",FALSE,FALSE,TRUE,82,34.9,5.7,49.4,3.2,35.6,4.6,84.4,12.1,37.1,32.7,6.5,1.5,1.9,7.2,1.6,1.2,5.9,0.4,0.6,3.8,1.42473279087554,3.52298791339253,-2.75681171372066,2.1569223147293,FALSE,""
"234","Kenneth Faried","HOU","F-C",TRUE,TRUE,FALSE,37,19.7,4,61.7,0.2,32,1.7,64.6,3.1,6.3,74,5,2.9,0.8,6.5,0.8,0.5,0.5,0.6,2.6,4.1,-2.94761478572892,0.130025688183656,-0.683334330326603,-1.84682504978488,FALSE,""
"235","Kenrich Williams","NOP","G-F",FALSE,TRUE,TRUE,46,23.5,1.2,45.5,1.1,33.3,0.3,68.4,2.2,55.9,37.3,5,6.5,1.7,6.1,1,1,1.8,0.4,1.2,3.6,1.01343285848067,-1.69442722731698,-0.913612804082209,0.739288163791388,FALSE,""
"236","Kent Bazemore","ATL","G",FALSE,FALSE,TRUE,67,24.5,2.7,46.5,1.4,32,1.9,72.6,10.5,37,36.2,5,4.8,2.1,5.2,1.4,1.3,2.3,0.6,0.6,3.3,0.596712232019332,0.153665050820907,-1.56899834307257,1.77975511195599,FALSE,""
"237","Kentavious Caldwell-Pope","LAL","G",FALSE,FALSE,TRUE,82,24.8,2.1,54.2,1.8,34.6,1.7,86.7,12.6,48.3,24.5,4.5,5.8,1.3,3.3,1,0.9,1.3,0.2,0.6,2.3,1.62201605292529,0.546015435241342,0.57294741446222,1.21011440009281,FALSE,""
"238","Kevin Durant","GSW","F",FALSE,TRUE,FALSE,78,34.6,7.5,58.8,1.7,35.2,5.7,88.5,25.1,20.3,32.6,5.1,-3.5,1.5,7.8,1,0.7,5.9,1.1,0.4,5.9,-0.0673044522895709,4.78229803522158,-2.32811136519582,-0.0546613453821172,FALSE,""
"239","Kevin Huerter","ATL","G",FALSE,FALSE,TRUE,75,27.3,1.9,45.7,1.8,38.4,0.5,73.2,3.3,56.1,34.9,4.9,4.8,1.6,5.8,1.1,0.9,2.9,0.3,0.8,2.5,1.65203032489713,-0.855571014493216,-0.535624839020723,1.2311780398061,FALSE,""
"240","Kevin Knox II","NYK","F",FALSE,TRUE,FALSE,75,28.8,2.9,38.9,1.7,35.1,2.2,71.7,8.5,38.9,35.7,4.3,1.7,0.8,6.8,0.9,0.6,1.1,0.3,0.8,3.7,1.14566670780873,0.278242688053754,0.194928913296423,-0.451093821339885,FALSE,""
"241","Kevin Love","CLE","F-C",TRUE,TRUE,FALSE,22,27.2,2.5,41.2,2.4,36.1,4.7,90.4,5.9,42.5,24.1,5,-2.6,0.3,5.8,0.7,0.3,2.2,0.2,1.5,9.4,2.13983360717432,1.98406534237486,-0.820006371401748,-1.89867321936273,FALSE,""
"242","Kevon Looney","GSW","C-F",TRUE,TRUE,FALSE,80,18.5,2.7,64.1,0,10,0.8,61.9,9.2,0.6,77.2,5,-3.8,0.7,9.3,0.8,0.6,1.5,0.7,2.4,2.8,-4.0357497865095,-0.872406584653817,-1.12591928915778,-2.24772941929392,FALSE,""
"243","Khem Birch","ORL","C",TRUE,FALSE,FALSE,50,12.9,1.8,61.1,0,0,1.2,69.9,1.7,0,74.2,3.1,-1.3,0.7,4.8,0.6,0.4,0.8,0.6,1.6,2.2,-4.13131877475603,-1.19734553028264,1.01725817184064,-1.41905640997141,FALSE,""
"244","Khris Middleton","MIL","F",FALSE,TRUE,FALSE,77,31.1,4.3,48.5,2.3,37.8,2.8,83.7,15.4,38.2,31.1,4.3,-0.3,1.8,5.4,0.9,1,4.3,0.1,0.6,5.3,1.45671965911772,1.98835732201916,-0.956989460497287,1.32320531746515,FALSE,""
"245","Klay Thompson","GSW","G",FALSE,FALSE,TRUE,78,34,5.3,51.6,3.1,40.5,1.7,81.6,24.2,43,25.1,4.7,-2.6,2.1,5.8,1,1.1,2.4,0.6,0.5,3.4,2.1791128202428,2.41374514221882,-1.19496282139343,0.752621410453638,FALSE,""
"246","Kris Dunn","CHI","G",FALSE,FALSE,TRUE,46,30.2,4,44.3,0.7,34.7,1.2,79.7,17.3,19.7,52.4,5.6,2.3,3.1,7.7,1.3,1.5,6,0.5,0.4,3.7,-0.354517009578773,0.529397460048976,-3.05640553180975,2.90527346842382,FALSE,""
"247","Kyle Anderson","MEM","F",FALSE,TRUE,FALSE,43,29.8,3.3,58.3,0.2,26.5,0.9,57.8,9.8,7.8,71.7,3.9,-3.3,2.7,6.2,1.1,1.3,3,0.9,1.1,4.7,-2.83414213135261,-0.58070775780221,-2.40258102635562,0.747461040021225,FALSE,""
"248","Kyle Korver","UTA","G-F",FALSE,TRUE,TRUE,70,19.1,0.9,47.4,2,40.2,0.9,82.2,13.7,69,7.3,3,1.6,0.8,3.8,0.3,0.4,1.2,0.2,0.1,2.2,3.37004270454794,-0.439427531209902,2.3395345527533,-0.116271073349877,FALSE,""
"249","Kyle Kuzma","LAL","F",FALSE,TRUE,FALSE,70,33.1,5.3,55.3,1.8,30.3,2.7,75.2,6,29.4,50.3,5.1,-1.6,0.7,8.5,0.9,0.6,2.5,0.4,0.9,4.6,-0.592340445894153,1.65257868311173,-0.772276592125405,-0.875988937081055,FALSE,""
"250","Kyle Lowry","TOR","G",FALSE,FALSE,TRUE,65,34.1,2.3,51.4,2.4,34.7,2.5,83,7.3,50.9,24.4,5.2,-3.3,2.2,5.4,1.6,1.4,8.7,0.5,0.6,4.2,1.88349000341056,0.881903646820976,-3.10959687644082,2.96727717789448,FALSE,""
"251","Kyrie Irving","BOS","G",FALSE,FALSE,TRUE,67,33,6.4,53.3,2.6,40.1,3.2,87.3,17.5,32.7,36.3,5.1,2.1,2.5,5.3,1.8,1.5,6.9,0.5,1.1,3.9,1.06227237413596,3.29492964116067,-3.2450406098365,3.14851234975553,FALSE,""
"252","LaMarcus Aldridge","SAS","C-F",TRUE,TRUE,FALSE,81,33.2,8.3,52.8,0.1,23.8,4.3,84.7,29.8,1.7,48.3,8,-2.3,1.1,13.6,0.9,0.5,2.4,1.3,3.1,6.1,-2.04832750376896,3.69415726531347,-4.21284307643359,-3.58459703444513,TRUE,"LaMarcus Aldridge"
"253","Lance Stephenson","LAL","G",FALSE,FALSE,TRUE,68,16.5,1.6,47.2,1.1,37.1,0.7,68.5,14.3,44.6,31,2.4,2.1,0.7,2.8,0.6,0.6,2.1,0.1,0.5,2.7,1.13742214962244,-0.832844439277277,1.93877011095042,0.508156691286472,FALSE,""
"254","Lance Thomas","NYK","F",FALSE,TRUE,FALSE,46,17,1.2,47.5,0.5,27.8,0.6,75,17.6,32.2,37.1,3,0.3,0.7,3.7,0.5,0.4,0.6,0.2,0.5,2.1,0.182193033416003,-0.994262531153287,2.11792087122384,-0.410871633170171,FALSE,""
"255","Landry Shamet","LAC","G",FALSE,FALSE,TRUE,79,22.8,0.9,45.3,2.1,41.7,0.9,80.6,4.7,69.4,15.5,3.9,2.1,0.8,5.5,0.5,0.5,1.5,0.1,0.3,1.4,3.14092319082588,-0.728835474073406,1.73400886912982,0.0594225200901323,FALSE,""
"256","Langston Galloway","DET","G",FALSE,FALSE,TRUE,80,21.8,1.2,45.1,1.7,35.4,1,84.4,10.1,60.3,17.6,3.1,-1.1,0.8,4.7,0.8,0.5,1.1,0.1,0.6,1.5,2.52885016870564,-0.501516345610821,1.6047903256897,-0.0351800621883906,FALSE,""
"257","Larry Nance Jr.","CLE","F",FALSE,TRUE,FALSE,67,26.8,3.1,56.5,0.5,34.4,1.4,71.6,6.1,15.8,62.8,5.8,-0.8,2.8,8.5,1.3,1.5,3.2,0.6,2.5,5.7,-1.6171819065443,-0.0435798124450607,-4.10722913382366,0.495887796826667,FALSE,""
"258","Lauri Markkanen","CHI","F",FALSE,TRUE,FALSE,52,32.3,4.3,48.4,2.3,36.2,3.3,87.2,7.2,37,38.4,5.9,1.9,1.1,8.2,0.8,0.7,1.4,0.6,1.4,7.6,1.05381597756451,2.04420925569865,-1.85783774891587,-1.37000072057105,FALSE,""
"259","LeBron James","LAL","F",FALSE,TRUE,FALSE,55,35.2,8.1,58.2,2,33.9,5.1,66.5,10,22.1,49.4,4.6,-3.4,1.8,5.7,1.5,1.3,8.3,0.6,1,7.4,-1.13203344354733,3.75567060477244,-3.48564112003135,1.91540047201706,FALSE,""
"260","Lonzo Ball","LAL","G",FALSE,FALSE,TRUE,47,30.3,2.3,48.2,1.6,32.9,0.4,41.7,4.7,48.4,42.6,5.6,-0.5,2.6,6.8,1.4,1.5,5.4,0.4,1.1,4.2,0.177684522244498,-1.6046139617419,-3.09395998561457,2.1999302282018,FALSE,""
"261","Lou Williams","LAC","G",FALSE,FALSE,TRUE,75,26.6,5,44.9,1.4,36,5.7,87.6,15.2,21,35.4,3.6,3.3,1.3,3.7,0.9,0.8,5.4,0.1,0.5,2.4,0.389789395523102,3.28687201476297,0.436445826779433,1.95015894694687,FALSE,""
"262","Luc Mbah a Moute","LAC","F",FALSE,TRUE,FALSE,4,15.3,1.5,50,0.5,33.3,0.5,40,10,30,50,2,-9.8,0.8,3.8,0,0.3,0.5,0.3,0.5,1.3,-0.977566049231884,-1.94468329433738,2.745421356028,-1.56692155972559,FALSE,""
"263","Luka Doncic","DAL","F-G",FALSE,TRUE,TRUE,72,32.2,4.7,50.3,2.3,32.6,4.8,71.3,6.7,33,37.6,5.6,1.5,2,6.3,1.4,1.1,6,0.3,1.2,6.6,0.335637875509602,2.41975496063728,-2.91703294890116,1.67978378505452,FALSE,""
"264","Luke Kennard","DET","G",FALSE,FALSE,TRUE,63,22.8,1.9,48.6,1.7,39.4,0.8,83.6,17.3,51.9,22.5,3,2.5,0.9,3.5,0.6,0.4,1.8,0.2,0.2,2.7,2.21850024869219,0.0350523210444533,1.84807296031015,0.320525864208517,FALSE,""
"265","Luke Kornet","NYK","F-C",TRUE,TRUE,FALSE,46,17,0.8,42.4,1.5,35.3,0.8,82.6,4.3,65.2,18.6,5.1,-3.9,0.8,9.8,0.4,0.6,1.2,0.9,0.6,2.3,2.55261295446764,-1.12136924392412,-0.19614222322139,-1.92952330692977,FALSE,""
"266","Luol Deng","MIN","F",FALSE,TRUE,FALSE,22,17.8,2,60.8,0.6,31.8,1.1,71.4,8.9,26.8,48.4,2.5,-10.1,0.8,5.9,0.7,0.7,0.8,0.4,0.9,2.4,-0.942031763011763,-0.475359967802608,0.812222090445808,-1.23821737023711,FALSE,""
"267","Malcolm Brogdon","MIL","G",FALSE,FALSE,TRUE,64,28.6,4.3,54.5,1.6,42.6,2.2,92.8,3,31.2,51.7,4.7,-0.8,1,6.3,1.2,0.7,3.2,0.2,1,3.5,0.256161608828072,1.55234987091406,-0.595386956819109,0.340420137447569,FALSE,""
"268","Malik Beasley","DEN","G",FALSE,FALSE,TRUE,81,23.2,2.3,55.9,2,40.2,0.7,84.8,7.9,53.3,32.7,3.7,5.1,1.1,4.4,0.8,0.7,1.2,0.1,0.4,2,1.66058022074265,0.129805442165726,1.29702955071896,0.820786450789541,FALSE,""
"269","Malik Monk","CHA","G",FALSE,FALSE,TRUE,73,17.2,1.6,46.1,1.5,33,1.2,88.2,8.3,50.1,27.9,2.5,5.6,0.8,3,0.5,0.5,1.6,0.3,0.2,1.7,1.70829667222805,-0.238567928927117,2.33743091399539,0.550415265129317,FALSE,""
"270","Marc Gasol","TOR","C",TRUE,FALSE,FALSE,79,30.8,3.7,48.7,1.3,36.3,2.4,75.9,17.2,27.7,37.2,6.4,-4.2,1.7,9.4,0.9,1.1,4.4,1.1,1,6.9,0.40592215633176,1.13273105081759,-3.47954492842018,-0.701861703079186,FALSE,""
"271","Marco Belinelli","SAS","G-F",FALSE,TRUE,TRUE,79,23,1.8,46.8,1.9,37.2,1.4,90.3,15.2,53.2,18.1,3.6,1,0.8,5.2,0.5,0.4,1.7,0.1,0.2,2.3,2.54668563198549,0.385390510341164,1.73616142048376,-0.0487981383858345,FALSE,""
"272","Marcus Morris Sr.","BOS","F",FALSE,TRUE,FALSE,75,27.9,3.1,50.8,1.9,37.5,1.9,84.4,14.7,41.9,29.4,4.8,1.8,1,5.8,0.8,0.6,1.5,0.3,1,5.1,1.47768387073389,1.03989327837212,-0.21390690970119,-0.468074284085575,FALSE,""
"273","Marcus Smart","BOS","G",FALSE,FALSE,TRUE,80,27.5,1.4,51.1,1.6,36.4,1.3,80.6,4.2,53.4,27.7,4.3,-1.8,2.9,7,1,1.8,4,0.4,0.7,2.2,1.5898389332604,-0.43102034149752,-2.05119424072675,2.32430657722767,FALSE,""
"274","Mario Hezonja","NYK","F",FALSE,TRUE,FALSE,58,20.8,2.6,48.2,0.7,27.8,1.5,76.3,11.7,24.7,46.6,4.3,3,1.7,5.8,0.6,1,1.5,0.1,0.5,3.6,-0.496211145153052,-0.122958729140788,0.159715490997604,0.773623508614846,FALSE,""
"275","Markelle Fultz","ORL","G",FALSE,FALSE,TRUE,19,22.5,3.2,43.3,0.2,28.6,1.1,56.8,12.9,7.7,65.8,3.2,-0.6,1.3,4.6,0.9,0.9,3.1,0.3,1.4,2.3,-1.94650620510042,-0.705670762244369,0.0563535556685782,0.550100092635974,FALSE,""
"276","Markieff Morris","OKC","F",FALSE,TRUE,FALSE,58,21.9,2.3,48.6,1.2,33.5,1.2,77.2,12.1,37.3,37.7,4.6,-0.1,1.1,6.1,0.7,0.6,1.4,0.4,1.1,3.5,0.626661630295625,-0.138035635917745,0.0328817927090044,-0.667226111473568,FALSE,""
"277","Marquese Chriss","CLE","F",FALSE,TRUE,FALSE,43,11.6,1.2,48.1,0.4,22.5,0.7,71.1,1.1,26.4,54.9,3.1,5.6,0.7,4,0.5,0.4,0.5,0.3,0.9,2.4,-1.149902051225,-1.59815148778131,1.89449233750845,-0.401163092982703,FALSE,""
"278","MarShon Brooks","MEM","G",FALSE,FALSE,TRUE,29,13.3,2.1,53,0.5,27.8,0.8,69.7,11.6,23.7,52.6,2,-0.5,0.7,3.3,0.5,0.3,0.9,0.1,0.4,1.1,-1.03701923134905,-0.75103542310533,2.78803195305606,-0.156196962670827,FALSE,""
"279","Marvin Bagley III","SAC","F",FALSE,TRUE,FALSE,62,25.3,5.2,53.3,0.5,31.3,2.9,69.1,9.8,9.8,60.9,5,0.5,0.8,9.1,0.9,0.5,1,1,2.6,5,-1.98897032580553,1.2855483408541,-1.75913739387007,-2.55840451638797,FALSE,""
"280","Marvin Williams","CHA","F",FALSE,TRUE,FALSE,75,28.4,1.8,50,1.9,36.6,0.9,76.7,3.7,55.6,32,5.3,0.6,1.8,8.9,0.9,0.9,1.2,0.8,1,4.4,1.60262810203343,-0.50792316794113,-1.70786629803937,-0.619217935293227,FALSE,""
"281","Mason Plumlee","DEN","F-C",TRUE,TRUE,FALSE,82,21.1,3.2,60.5,0,20,1.4,56.1,2.2,0.9,79.4,5.3,-0.9,1.6,6.5,0.8,0.8,3,0.9,2,4.4,-3.86148401536455,-0.736675210586177,-1.8512297605931,-0.871115883176198,FALSE,""
"282","Matthew Dellavedova","CLE","G",FALSE,FALSE,TRUE,48,16.9,1.1,48.2,0.9,33.8,0.9,80.8,5.7,46.8,32.6,3.4,2.6,0.7,4.2,0.4,0.3,3.8,0,0.1,1.5,1.01812378046025,-0.972834362115339,2.19775208004066,0.669342326508578,FALSE,""
"283","Maurice Harkless","POR","F",FALSE,TRUE,FALSE,60,23.6,2.6,58.1,0.6,27.5,0.8,67.1,1.7,21.5,66.1,4.2,1,1.9,6.4,0.8,1.1,1.2,0.9,1.3,3.2,-1.9398475278996,-0.800660184145934,-1.12490668433896,-0.198575033178647,FALSE,""
"284","Maxi Kleber","DAL","F",FALSE,TRUE,FALSE,71,21.2,1.4,58.3,1.1,35.3,0.8,78.4,4.9,47.6,35.5,4.3,-3.6,0.8,8.5,0.6,0.5,1,1.1,1.3,3.4,0.620738525465742,-0.722707425709368,-0.541053233353708,-2.30168833829755,FALSE,""
"285","Meyers Leonard","POR","F-C",TRUE,TRUE,FALSE,61,14.4,1.3,63.1,0.8,45,0.7,84.3,3.9,42,42,4.2,3.6,0.3,5.3,0.3,0.2,1.2,0.1,0.8,3,0.441086275208097,-0.512404479193421,1.89282325227425,-0.980431690957575,FALSE,""
"286","Michael Beasley","LAL","F",FALSE,TRUE,FALSE,26,10.7,2.8,52.9,0.1,17.6,1.1,71.8,6.6,5,72.9,2.2,2.2,0.7,3.2,0.3,0.3,1,0.4,0.5,1.8,-2.87171255897472,-0.622925370403616,2.57239957573647,-0.477127186271336,FALSE,""
"287","Michael Carter-Williams","ORL","G",FALSE,FALSE,TRUE,28,13.3,1.3,42.4,0.4,26.3,1.1,60.4,0,22.4,53.7,3.5,5.9,1.3,3.5,0.8,0.7,2.5,0.5,0.7,1.8,-1.09414651178812,-1.72039339499307,0.844153723503422,0.9221738765292,FALSE,""
"288","Michael Kidd-Gilchrist","CHA","F",FALSE,TRUE,FALSE,64,18.4,2.2,49.8,0.3,34,1.5,77.2,10.8,11.2,55.7,3.8,-4.3,0.8,6.7,0.8,0.5,1,0.6,1.4,2.5,-1.09036376159395,-0.170789582526758,0.169506351046177,-1.47692696613945,FALSE,""
"289","Mikal Bridges","PHX","F",FALSE,TRUE,FALSE,82,29.5,1.7,54.8,1.3,33.5,1.2,80.5,2.9,46.1,37.1,5.4,4.3,2.7,6.5,1.3,1.6,2.1,0.5,0.7,2.5,0.654037720108466,-0.447441235968519,-2.05289758727191,2.14463939105099,FALSE,""
"290","Mike Conley","MEM","G",FALSE,FALSE,TRUE,70,33.5,4.8,48.3,2.2,36.4,4.9,84.5,11.8,31.5,33.6,5.3,1.3,2.1,6.5,1.7,1.3,6.4,0.3,0.6,2.8,0.92528189987119,2.9882166799463,-2.39449620447903,2.86934730342492,FALSE,""
"291","Mike Muscala","LAL","F-C",TRUE,TRUE,FALSE,64,20.4,0.9,53.5,1.4,35,1.1,82.4,6.7,59.5,18.3,4.9,-0.5,0.6,8.9,0.3,0.3,1.2,0.6,0.9,2.9,1.92696358994884,-0.678227041237728,0.489402307557358,-1.96529901682353,FALSE,""
"292","Mike Scott","PHI","F",FALSE,TRUE,FALSE,79,17.7,0.8,39.9,1.3,40.1,0.3,66.7,7.8,66,21.4,2.5,-1.5,0.6,4.1,0.5,0.3,0.8,0.2,0.5,2.9,2.45454202117239,-1.72144462859494,2.08710839483034,-0.727541968442773,FALSE,""
"293","Miles Bridges","CHA","F",FALSE,TRUE,FALSE,80,21.2,2.1,55.3,0.8,32.5,0.7,75.3,2.7,32.7,54.9,4.3,1.8,1,6,0.5,0.7,1.2,0.6,0.8,3.2,-0.665932083696191,-0.763063540404631,0.374093607881664,-0.671737095298579,FALSE,""
"294","Mo Bamba","ORL","C",TRUE,FALSE,FALSE,47,16.3,2,56.1,0.4,29.2,0.8,58.7,13,21.6,52.7,4.7,-0.2,0.5,8.1,0.6,0.3,0.8,1.4,1.4,3.6,-1.38797611138073,-0.976193054831121,-0.500561515645717,-2.75377086163444,FALSE,""
"295","Monte Morris","DEN","G",FALSE,FALSE,TRUE,82,24,3.1,53.3,1.1,41.6,0.8,80.2,14.3,33.1,44.9,3.4,0.3,1.3,4.3,0.8,0.9,3.6,0,0.4,1.9,0.411394851966408,0.292751155621033,0.805000137958648,1.45281546622367,FALSE,""
"296","Montrezl Harrell","LAC","F-C",TRUE,TRUE,FALSE,82,26.3,6.6,62.3,0,17.6,3.2,64.3,1.9,0.7,77.9,6.9,-2.4,1.1,12.2,1.1,0.9,2,1.3,2.2,4.3,-4.27626849204109,1.34941630938317,-3.47820397239751,-2.32841918188304,FALSE,""
"297","Moritz Wagner","LAL","C",TRUE,FALSE,FALSE,43,10.4,1.1,52.2,0.5,28.6,1,81.1,1.9,31.9,45.4,2.8,-1.7,0.5,4.2,0.3,0.3,0.6,0.3,0.4,1.6,-0.382333840983842,-1.05974078925871,2.48331319597619,-0.95014914235702,FALSE,""
"298","Myles Turner","IND","C-F",TRUE,TRUE,FALSE,74,28.6,4.1,52.1,1,38.8,2,73.6,20.5,23.2,41.3,7.8,-2.1,1.5,12.1,0.8,0.8,1.6,2.7,1.4,5.8,-0.0323691544247973,1.14046133200669,-4.55076227599504,-3.56563489733862,TRUE,"Myles Turner"
"299","Nemanja Bjelica","SAC","F",FALSE,TRUE,FALSE,77,23.2,2.3,54.1,1.3,40.1,0.9,76.1,1.9,41.7,47,5.1,-2.3,1.6,9.6,0.6,0.7,1.9,0.7,1.6,4.1,0.374429249269731,-0.404991515963831,-1.46144274720994,-1.43168484117316,FALSE,""
"300","Nene","HOU","C-F",TRUE,TRUE,FALSE,42,13,1.4,53.1,0,0,0.7,66,18.5,0,60.9,2.9,-1.8,1.1,3.9,0.6,0.4,0.6,0.4,0.8,2.1,-3.1418627928632,-1.29438394880336,1.51822633891038,-0.613418452381202,FALSE,""
"301","Nicolas Batum","CHA","F-G",FALSE,TRUE,TRUE,75,31.4,1.8,52.1,1.6,39.1,1,86.5,9.2,49.8,30,4.6,-1,1.9,7.7,0.9,0.9,3.3,0.6,0.9,4.3,1.66022693202237,-0.0352311660318216,-1.49924581560058,0.221906393321658,FALSE,""
"302","Nik Stauskas","CLE","G",FALSE,FALSE,TRUE,68,14.9,1,43.6,1,37.2,0.8,89.1,9,52.6,24.1,2.4,3.6,0.4,3.4,0.4,0.3,1.2,0.1,0.3,1.6,2.02423991511625,-0.782009325261627,2.89256527375061,-0.059818312779432,FALSE,""
"303","Nikola Jokic","DEN","C",TRUE,FALSE,FALSE,80,31.3,6.7,56.9,1,30.7,3.6,82.1,7.7,15.5,58.7,8.3,-2.4,2.4,9.9,1,1.4,7.3,0.7,2.9,8,-1.67232288732326,2.56597588911768,-5.6998452021986,-0.00465941984788271,FALSE,""
"304","Nikola Mirotic","MIL","F",FALSE,TRUE,FALSE,46,27.1,2.6,54.5,2.5,36.5,2.3,84.7,7.2,49.9,27.8,6,-0.5,1.3,8.6,0.7,0.7,1.2,0.7,1.3,6.1,1.75845582975054,1.06772204773382,-1.69078283855987,-1.52076147792416,FALSE,""
"305","Nikola Vucevic","ORL","C",TRUE,FALSE,FALSE,80,31.4,7.7,55.2,1,36,2.2,78.9,15.1,15.1,59,8.7,-0.6,1.6,10.7,1,1,3.8,1.1,2.8,9.2,-1.40353222033417,2.45337135537076,-5.25066501426029,-2.00849925164709,FALSE,""
"306","Noah Vonleh","NYK","F",FALSE,TRUE,FALSE,68,25.3,2.3,52.6,0.7,33.8,1.6,71.2,3.5,24.2,52.9,5.2,-2,1.1,8.2,1.1,0.7,1.9,0.8,1.7,6.1,-0.842280968711417,-0.381371144776195,-2.08067919724193,-1.4316766719597,FALSE,""
"307","Norman Powell","TOR","F-G",FALSE,TRUE,TRUE,60,18.8,2.1,54.3,1.1,40,1,82.7,3.1,39.5,45.3,2.6,-2.3,1.1,3.9,0.6,0.7,1.5,0.2,0.3,2.1,0.424845817300456,-0.275775249671518,1.57086786350183,0.273889928954213,FALSE,""
"308","OG Anunoby","TOR","F",FALSE,TRUE,FALSE,67,20.2,1.7,57,1,33.2,0.5,58.1,3,42.9,46.5,3.3,0.4,1.5,5.4,0.6,0.7,0.7,0.3,0.9,2.1,-0.361162938033269,-1.39987597683923,0.859401266213731,-0.103997962917251,FALSE,""
"309","Omari Spellman","ATL","F",FALSE,TRUE,FALSE,46,17.5,1.2,46.6,1,34.4,0.7,71.1,2.9,48.5,36.8,3.5,-6.7,0.7,7.4,0.6,0.6,1,0.5,1.6,2.7,0.833866533235212,-1.36290586348238,0.208000631661471,-1.85537616551148,FALSE,""
"310","Omri Casspi","MEM","F",FALSE,TRUE,FALSE,36,14.5,2,60.2,0.4,34.9,1.1,67.2,0.9,19.9,61.9,2,-5.8,0.9,3.2,0.4,0.6,0.7,0.3,0.5,2.7,-1.69735269394544,-0.806506334849099,1.92836668550631,-0.642169270225311,FALSE,""
"311","Otto Porter Jr.","CHI","F",FALSE,TRUE,FALSE,56,30.1,3.4,50.3,1.9,40.7,1.4,81.3,19.5,40,30.5,5.1,3.7,2.6,6,1.3,1.5,2.1,0.6,1,4.6,1.55007247949176,1.03379446981786,-2.42507412343618,1.60736396414604,FALSE,""
"312","P.J. Tucker","HOU","F",FALSE,TRUE,FALSE,82,34.2,0.7,44.9,1.8,37.7,0.5,69.5,1.3,72.9,19,5.5,-2.5,2.4,8.1,1.3,1.6,1.2,0.5,1.5,4.4,2.60465030468809,-1.58777427097692,-2.91823672304588,0.544862071755073,FALSE,""
"313","Pascal Siakam","TOR","F",FALSE,TRUE,FALSE,80,31.8,5.5,60.2,1,36.9,3,78.5,3.1,17.5,61.9,5.7,-4.9,1.6,10.1,1.4,0.9,3.1,0.7,1.6,5.3,-1.59203126591977,1.81794877773449,-3.09225270700564,-0.716174277489913,FALSE,""
"314","Pat Connaughton","MIL","G",FALSE,FALSE,TRUE,61,20.7,1.6,65.1,1.1,33,0.5,72.5,2.9,47,43.2,3.9,-0.9,0.9,6.4,0.8,0.5,2,0.4,1,3.2,-0.145640042977564,-0.905400241905162,0.257513452048512,-0.616792346049049,FALSE,""
"315","Patrick Beverley","LAC","G",FALSE,FALSE,TRUE,78,27.4,1.1,42.3,1.4,39.9,1.2,78,1,56.4,26.5,4.9,-0.2,2.1,5.6,1.1,0.9,3.8,0.6,1,4,2.02806924219269,-0.961048191681363,-1.59558039374861,0.862458113273839,FALSE,""
"316","Patrick McCaw","TOR","G",FALSE,FALSE,TRUE,29,13.7,0.6,48.6,0.3,32.1,0.4,86.7,2.7,36.5,43.2,2,4.2,1.4,2.1,0.5,0.8,1,0.1,0.2,1.4,0.190323804358354,-1.45518819104541,2.34036738330579,1.23523899229436,FALSE,""
"317","Patrick Patterson","OKC","F",FALSE,TRUE,FALSE,63,13.7,0.6,44.4,0.7,33.8,0.3,63.3,5.2,60.3,26.2,2.9,0.2,0.3,4.5,0.2,0.3,0.5,0.2,0.7,1.7,1.35279140394496,-2.1586392899305,2.60068203147156,-1.12423711792745,FALSE,""
"318","Patty Mills","SAS","G",FALSE,FALSE,TRUE,82,23.3,1.5,47.5,1.9,39.4,1.1,85.4,11.1,58.8,19.2,4.2,2.9,1.1,3.2,0.9,0.6,3,0.1,0.3,1.9,2.60190917376624,-0.10331342946276,1.08695355261211,1.23486168497737,FALSE,""
"319","Pau Gasol","MIL","C-F",TRUE,TRUE,FALSE,30,12,1.2,44.4,0.2,46.2,0.9,70,13.6,15.3,47.5,3.5,1.5,0.2,5.6,0.2,0.2,1.7,0.5,0.7,3.8,-0.0418252826253913,-0.86823751371397,1.62035024014292,-1.5173928287486,FALSE,""
"320","Paul George","OKC","F",FALSE,TRUE,FALSE,77,36.9,5.4,48.6,3.8,38.5,5.9,83.9,12,40.6,26.4,6.2,-2.3,3.8,8.5,2.1,2.2,4.1,0.4,1.4,6.8,2.11416790323211,4.23033420802587,-5.80579193192472,2.97904210137939,FALSE,""
"321","Paul Millsap","DEN","F",FALSE,TRUE,FALSE,70,27.1,3.8,52.1,0.8,36.5,2.6,72.7,7.7,19.7,52.1,5.8,-0.3,2.1,8.6,1,1.2,2,0.8,2.2,5,-0.863992806462783,0.819880436390152,-2.99697766969904,-0.607263350086952,FALSE,""
"322","Quincy Acy","PHX","F",FALSE,TRUE,FALSE,10,12.3,0.2,66.7,0.2,13.3,0.7,70,0,35.3,23.5,2.5,-7.1,0.4,4.7,0.2,0.1,0.8,0.4,0.3,2.2,-1.09412115187719,-1.96379286995608,2.48014901728821,-1.74440039482085,FALSE,""
"323","Quinn Cook","GSW","G",FALSE,FALSE,TRUE,74,14.3,1.6,51.3,1.1,39.8,0.3,76.9,21.6,47.7,26.7,3.1,8.1,0.5,2.5,0.6,0.3,1.6,0,0.3,1.8,1.59609364990405,-0.481365849694341,2.68638484768747,0.699095283377057,FALSE,""
"324","Rajon Rondo","LAL","G",FALSE,FALSE,TRUE,46,29.8,2.7,42.8,1.1,35.9,0.5,63.9,7.5,36.1,50.9,5.5,4.3,2.1,4.5,1.4,1.2,8,0.2,0.7,4.5,0.122141334693763,-0.905798820573029,-2.25501487068691,3.22676290962388,FALSE,""
"325","Raul Neto","UTA","G",FALSE,FALSE,TRUE,37,12.8,1.4,53,0.5,33.3,0.8,84.8,4.1,30.6,51,2.5,0.6,0.7,3.1,0.7,0.4,2.5,0.1,0.2,1.5,-0.346296341909405,-0.787575428929958,2.21986087639058,0.600887084624117,FALSE,""
"326","Rawle Alkins","CHI","G",FALSE,FALSE,TRUE,10,12,1,37,0.3,25,0.8,66.7,0,24.3,54.1,2.7,-3.8,0.2,2.1,0.6,0.1,1.3,0,1.1,1.5,-0.777081765223461,-1.959406739674,2.6499829617225,-0.849037273023585,FALSE,""
"327","Ray Spalding","PHX","F",FALSE,TRUE,FALSE,14,10.5,1.8,56.8,0,0,0.3,33.3,3.7,0,88.9,3.4,2.2,1,4.7,0.3,0.6,0.4,0.6,1.1,2.4,-5.04331695178184,-2.56990252102928,1.22926769862118,-0.947907719055712,FALSE,""
"328","Raymond Felton","OKC","G",FALSE,FALSE,TRUE,33,11.5,1.1,47.3,0.6,32.8,0.4,92.3,19.7,42.3,29.6,2.3,3.7,0.6,2.2,0.3,0.3,1.6,0.2,0.1,0.9,1.3188911254684,-0.579906510555827,3.18525160614453,0.279272297422976,FALSE,""
"329","Reggie Bullock","LAL","G-F",FALSE,TRUE,TRUE,63,29.8,1.5,48.3,2.4,37.7,1.2,85.9,11.5,62.4,15.8,4.7,4.1,0.8,5.4,0.8,0.6,2,0.2,0.3,2.4,2.95406523349942,0.130179708015896,0.860639064089769,0.435370679603343,FALSE,""
"330","Reggie Jackson","DET","G",FALSE,FALSE,TRUE,82,27.9,3.3,46.4,2.1,36.9,2.5,86.4,11.6,41.4,30.8,5.1,5.4,0.9,5.8,0.9,0.7,4.2,0.1,0.5,2.1,1.60922716163952,1.32756392095752,0.283395807343182,1.21729569386875,FALSE,""
"331","Ricky Rubio","UTA","G",FALSE,FALSE,TRUE,68,27.9,3.1,45.3,1.2,32,2.9,85.5,16.4,27.4,33.6,5.2,4,3,5.8,1.5,1.3,6.1,0.1,0.5,3.1,0.638490777584278,1.22606844078398,-2.24431249299399,3.57743523443916,FALSE,""
"332","RJ Hunter","BOS","G",FALSE,FALSE,TRUE,1,25.7,2,66.7,4,40,1,50,11.8,70.6,11.8,3,-23.3,2,5,0,1,3,0,1,2,2.69494586722282,0.223782167616318,0.442637750770249,-0.922347206629049,FALSE,""
"333","Robert Covington","MIN","F",FALSE,TRUE,FALSE,35,34.4,2,51.8,2.4,37.8,1.9,76.4,6,54.8,24.5,5.8,-0.9,3.7,8,1.1,2.1,1.3,1.3,0.8,4.7,1.99825520135585,0.322765214031222,-4.17912433114016,1.24784177151981,FALSE,""
"334","Robin Lopez","CHI","C",TRUE,FALSE,FALSE,74,21.7,4,59.2,0.1,22.6,1.2,72.4,4.5,3,79.8,6.4,-3,0.3,9.7,0.4,0.1,1.2,1.1,1.9,2,-3.34066243916918,-0.0323473452872786,-0.468211507554958,-3.42355858637315,FALSE,""
"335","Rodions Kurucs","BKN","F",FALSE,TRUE,FALSE,63,20.5,2.3,54.3,0.9,31.5,1.1,78.3,1.9,32.6,52.1,3.6,-3.6,1.7,5.5,0.7,0.7,0.8,0.4,0.9,3,-0.529201142188399,-0.459851197532583,0.205377713369594,-0.386610661417752,FALSE,""
"336","Rodney Hood","POR","G",FALSE,FALSE,TRUE,72,26.3,2.9,47.8,1.2,35.6,1.9,88.4,21.4,31.3,30.3,3.6,0.8,1.5,4.8,0.5,0.8,1.8,0.2,0.3,1.8,1.08773377173605,1.00847670044227,1.1154863911972,0.647940401838527,FALSE,""
"337","Rodney McGruder","LAC","F-G",FALSE,TRUE,TRUE,66,23.5,1.6,45.3,1.2,34.8,0.8,72.2,2.8,47.1,39.8,3.7,0.2,0.7,5.4,0.8,0.5,1.7,0.2,0.9,2.7,0.842133859686771,-1.08431590385868,0.902200109692082,-0.312384024643691,FALSE,""
"338","Ron Baker","WAS","G",FALSE,FALSE,TRUE,15,10.1,0.2,42.9,0.1,7.7,0.3,83.3,14.3,21.4,28.6,2.3,2.4,0.9,1.5,0.5,0.4,1,0.1,0.1,0.7,-0.433227839801596,-1.78256781607434,3.03927436238371,0.64030201419177,FALSE,""
"339","Rondae Hollis-Jefferson","BKN","F",FALSE,TRUE,FALSE,59,20.9,3.2,43.6,0.1,18.4,2,64.5,4.6,5.1,67.9,4.5,1.7,1.3,6.9,0.8,0.7,1.6,0.5,1.4,3.8,-2.57263082195477,-0.516043675610314,-0.558666111940422,-0.560797550357453,FALSE,""
"340","Royce O'Neale","UTA","F",FALSE,TRUE,FALSE,82,20.4,1.2,56.9,0.8,38.2,0.4,76.2,0.9,47.9,43.7,3.6,2,1,4.3,0.7,0.7,1.5,0.3,0.3,3.2,0.334374428227697,-1.24902672985728,0.995691792357741,0.314657321275921,FALSE,""
"341","Rudy Gay","SAS","F",FALSE,TRUE,FALSE,69,26.7,4.4,53.7,1.1,40.2,1.7,81.6,23,23.5,40.8,3.9,-2.6,1.8,6.2,0.8,0.8,2.6,0.5,0.9,5.9,0.207476242668259,1.4794225597635,-1.0874435658523,-0.125226214227577,FALSE,""
"342","Russell Westbrook","OKC","G",FALSE,FALSE,TRUE,73,36,7,48.1,1.6,29.1,4.1,65.6,13.5,21.3,47.5,4.9,0.5,3.1,4.7,1.8,1.9,10.7,0.5,1.5,9.6,-0.880604419904679,2.62727428644896,-5.5888934573927,3.96482720657885,FALSE,""
"343","Ryan Anderson","MIA","F",FALSE,TRUE,FALSE,25,12.9,0.5,41.4,0.4,22.5,0.5,75,15.9,42.9,22.2,2.2,-0.4,0,2.8,0.2,0.2,0.8,0,0.7,1.4,0.947369872384355,-1.65563698963695,3.40108169053218,-0.901404912967209,FALSE,""
"344","Ryan Arcidiacono","CHI","G",FALSE,FALSE,TRUE,81,24.2,1.3,52.6,1,37.5,1.1,87.3,6.3,44.7,32.7,3.9,2.3,1.2,4.4,0.8,0.8,3.3,0,0.3,2.4,1.08787805967558,-0.434007889111307,0.808539921496929,1.34151395434083,FALSE,""
"345","Ryan Broekhoff","DAL","G-F",FALSE,TRUE,TRUE,42,10.8,0.5,57.6,0.9,40.4,0.4,78.9,3.6,68.3,19.2,1.6,-4.6,0.2,2.3,0.3,0.1,0.5,0.1,0.2,1.3,1.8951697335259,-1.43778195614002,3.60126046000741,-0.930299876089707,FALSE,""
"346","Salah Mejri","DAL","C",TRUE,FALSE,FALSE,36,11.1,1.2,56.4,0.3,32.4,0.6,62.5,0,23.4,62.4,3.9,1.2,0.6,6.3,0.4,0.3,1,0.7,1,2.6,-1.61734377774565,-1.61427177635618,1.02589375095191,-1.55791396677958,FALSE,""
"347","Sam Dekker","WAS","F",FALSE,TRUE,FALSE,47,16.8,2,51.4,0.4,30.6,0.6,60.9,4.2,19.9,66.2,3.3,3.6,1,4.7,1,0.8,1,0.1,1.1,2,-1.69777783899306,-1.31500328190453,0.849040010681093,0.524316699702106,FALSE,""
"348","Semi Ojeleye","BOS","F",FALSE,TRUE,FALSE,56,10.6,0.7,56.5,0.5,31.5,0.4,61.5,3.2,45.2,38.7,1.9,-0.2,0.2,2.6,0.3,0.2,0.4,0.1,0.4,1.1,-0.172374876627248,-1.93724523654984,3.48074005926967,-0.674185301070571,FALSE,""
"349","Serge Ibaka","TOR","C-F",TRUE,TRUE,FALSE,74,27.2,5.6,58.7,0.7,29,1.8,76.3,19.4,13.2,55.2,6.9,-2,0.7,11.7,0.8,0.4,1.3,1.4,2.1,6,-1.63431551196894,1.52250187721275,-2.8214120123314,-3.5145465105143,FALSE,""
"350","Seth Curry","POR","G",FALSE,FALSE,TRUE,74,18.9,1.3,46.3,1.5,45,0.6,84.6,16.2,58.3,17.9,2.8,-1.4,1.1,2.9,0.7,0.5,0.9,0.2,0.4,1.3,2.81783340277462,-0.358403006474186,1.95234086730626,0.221343124052034,FALSE,""
"351","Shabazz Napier","BKN","G",FALSE,FALSE,TRUE,56,17.6,1.7,44.9,1.4,33.3,2.1,83.3,9.1,43.1,26.1,3.6,0.4,1.5,3.4,0.7,0.7,2.6,0.3,0.3,1.5,1.46172732664604,0.0899539689243409,1.06763471006912,0.973646713367595,FALSE,""
"352","Shai Gilgeous-Alexander","LAC","G",FALSE,FALSE,TRUE,82,26.5,3.5,50.3,0.6,36.7,1.9,80,16.2,17.2,49,4.5,-0.8,1.9,6.9,1.2,1.2,3.3,0.5,0.7,2.1,-0.508997320097514,0.773215218700217,-1.28050651005992,1.24145877504636,FALSE,""
"353","Shake Milton","PHI","G",FALSE,FALSE,TRUE,20,13.4,1,46.5,0.7,31.8,0.3,71.4,11.5,48.3,34.5,2.1,4,0.5,2.7,0.3,0.4,0.9,0.4,0.5,1.3,0.84190467917362,-1.4979434156344,2.83416837798447,-0.270571856896084,FALSE,""
"354","Shaquille Harrison","CHI","G",FALSE,FALSE,TRUE,73,19.6,2.2,47.8,0.3,27,1.1,66.7,0.8,15.2,66.7,3.8,0.2,2,5.2,1.1,1.2,1.9,0.4,0.5,2.6,-1.87347809705789,-1.09791090433023,-0.552207260798068,1.33334735293357,FALSE,""
"355","Shaun Livingston","GSW","G",FALSE,FALSE,TRUE,64,15.1,1.7,52.4,0,0,0.6,78.4,21.7,0,62.8,2.2,-2.9,0.7,3.2,0.4,0.5,1.8,0.4,0.7,1.2,-2.90714455073592,-0.828216586053341,2.13011502787346,-0.42993059033656,FALSE,""
"356","Shelvin Mack","CHA","G",FALSE,FALSE,TRUE,57,21.9,2,42.9,0.8,35.4,1,69,8.4,32.1,46,3.9,3.4,1,5.6,0.9,0.8,3.2,0.1,0.3,1.5,0.166158737373357,-0.842796163397296,0.786643640094261,1.23136607039146,FALSE,""
"357","Solomon Hill","NOP","F",FALSE,TRUE,FALSE,44,20,0.8,46.8,0.7,31.7,0.5,71.9,3.1,50.3,34.6,3.1,-4.7,1,5.4,0.7,0.5,1.3,0.2,0.8,2.3,0.757622149563836,-1.73108138314384,1.07982100625235,-0.562906563759632,FALSE,""
"358","Spencer Dinwiddie","BKN","G",FALSE,FALSE,TRUE,68,28.1,3.6,52.8,1.8,33.5,4.2,80.6,3.1,32.5,39.2,4.2,0.1,1.2,5.5,0.7,0.6,4.6,0.3,0.4,2.1,0.23213189296717,1.79537903744594,0.405989426204571,0.790732857141719,FALSE,""
"359","Stanley Johnson","NOP","F",FALSE,TRUE,FALSE,66,18.3,1.6,48.4,0.9,28.8,0.8,78.1,5.3,41,42.7,2.8,-0.9,1.4,3.3,0.9,0.9,1.3,0.2,0.5,2.8,0.243118032826964,-0.949366745182651,0.848103862237356,0.804886843508527,FALSE,""
"360","Stephen Curry","GSW","G",FALSE,FALSE,TRUE,69,33.8,4,53.1,5,43.2,3.8,91.6,9,56.5,20.5,4.7,0.6,2.4,5.2,1.5,1.3,5.2,0.4,0.7,4.7,3.63459358785426,3.46859607743715,-2.37338214031595,2.40692886562579,FALSE,""
"361","Sterling Brown","MIL","G",FALSE,FALSE,TRUE,58,17.8,1.6,55.8,0.9,36.1,0.5,69,3.8,42.7,45.7,3,3,1.3,3.7,0.8,0.4,1.4,0.1,0.5,2.7,0.00727420513690002,-1.13927298885105,1.47624980456381,0.550242293809777,FALSE,""
"362","Steven Adams","OKC","C",TRUE,FALSE,FALSE,80,33.4,6,59.6,0,0,1.8,50,2.7,0,84.1,8.6,-1.7,2.2,14.2,1.5,1.5,1.6,1,4.9,4.6,-5.2195097976615,-0.111268417005784,-6.3844013573109,-2.31275151947385,TRUE,"Steven Adams"
"363","Svi Mykhailiuk","DET","G",FALSE,FALSE,TRUE,42,10.5,0.4,34,0.7,32.6,0.3,60,9,65.4,16.5,1.7,-2.9,0.6,2.7,0.3,0.3,0.9,0,0.2,0.6,2.16536513113107,-2.45746456507059,3.38882116102576,-0.222582242787222,FALSE,""
"364","T.J. McConnell","PHI","G",FALSE,FALSE,TRUE,76,19.3,2.7,55.1,0.2,32.6,0.4,78.4,29.8,8.7,55.5,3.6,1.2,1.9,3.4,0.8,1,3.4,0.2,0.4,1.9,-1.13081956327558,0.171942774307036,0.415135590241517,1.78620049614829,FALSE,""
"365","T.J. Warren","PHX","F",FALSE,TRUE,FALSE,43,31.6,5.1,51,1.8,42.8,2.3,81.5,9.3,29.9,47.7,4.7,6.1,2.1,5.6,1,1.2,1.5,0.7,0.7,3.3,0.382784574442564,1.77510305966296,-1.05874844000515,1.10890697419599,FALSE,""
"366","Taj Gibson","MIN","F",FALSE,TRUE,FALSE,70,24.1,4.2,58.1,0.2,32.4,1.9,75.7,7.7,4.4,70.1,5,1.4,1.2,8,1,0.8,1.2,0.6,2.5,4.1,-2.45953637943225,0.670283780368643,-1.5962634700067,-1.27148345197529,FALSE,""
"367","Taurean Prince","ATL","F",FALSE,TRUE,FALSE,55,28.2,2.5,49.8,2.2,39,1.7,81.9,8.4,49.7,29.1,4.2,2.8,2,4.8,0.9,1,2.1,0.3,0.4,3.2,1.85515133722166,0.559196287239239,-0.216781288535012,1.32254610990818,FALSE,""
"368","Terrance Ferguson","OKC","G",FALSE,FALSE,TRUE,74,26.1,1.1,56.1,1.4,36.3,0.5,72.5,3.5,62,27.3,4.3,0.9,0.8,6.8,0.6,0.5,1,0.2,0.4,1.5,1.42679957115966,-1.18873810000248,1.25254915053278,-0.382782869984783,FALSE,""
"369","Terrence Ross","ORL","G-F",FALSE,TRUE,TRUE,81,26.5,2.8,48.1,2.7,38.2,1.6,87.5,23.1,53.2,13.4,4.2,1.2,1.5,5.3,0.8,0.9,1.7,0.4,0.3,3.1,3.02619588864872,1.32912919438699,0.111982318002455,0.59583270129389,FALSE,""
"370","Terry Rozier","BOS","G",FALSE,FALSE,TRUE,79,22.7,1.8,42.4,1.5,35.3,0.9,78.5,6.5,50.4,32.8,3.6,0.8,1.2,3.5,0.8,0.9,2.9,0.3,0.4,3.5,1.57836464105334,-0.653157687700084,0.440432237643689,0.94113035562828,FALSE,""
"371","Thabo Sefolosha","UTA","F",FALSE,TRUE,FALSE,50,12.2,0.7,51.5,0.7,43.6,0.3,63.6,6.3,53.7,32.6,1.8,-3.3,1.3,2.2,0.6,0.9,0.5,0.1,0.2,2.3,1.10948667032774,-1.74574638293826,1.94221098695269,0.619417409611534,FALSE,""
"372","Thaddeus Young","IND","F",FALSE,TRUE,FALSE,81,30.7,4.8,56.4,0.6,34.9,1.1,64.4,2.1,14.9,74.4,5.6,-1.4,3.3,9.3,1.2,1.5,2.5,0.4,2.4,4.1,-2.29903584852587,0.116014198555398,-3.68415159039735,0.757662602867309,FALSE,""
"373","Theo Pinson","BKN","G-F",FALSE,TRUE,TRUE,18,11.7,0.7,48.1,0.7,26.1,1.1,86.4,2.5,44.4,29.6,2,-7.5,0.4,2.7,0.6,0.3,1.2,0,0.2,1.8,0.735580107478009,-1.13991801836325,2.71028496090944,-0.474239841467548,FALSE,""
"374","Thomas Bryant","WAS","C",TRUE,FALSE,FALSE,72,20.8,3.8,68.4,0.5,34.7,1.5,78.1,8.2,13.1,64.6,6.1,0.7,0.7,9.3,0.6,0.3,1.3,0.9,1.6,4.7,-2.11977393852633,0.709581366436063,-1.08335765321282,-2.44860379289466,FALSE,""
"375","Thon Maker","DET","F",FALSE,TRUE,FALSE,64,15.2,0.9,52.2,0.8,32,0.9,66.7,2.5,45.5,34.7,3.7,-1.2,0.6,6.8,0.4,0.3,0.7,0.8,0.6,2.5,0.338054026538246,-1.48833671404502,1.0901365935855,-1.73405687170869,FALSE,""
"376","Tim Frazier","MIL","G",FALSE,FALSE,TRUE,59,19,1.3,49.4,0.6,36.6,0.7,75.9,9.7,35.8,41.3,3.9,4.6,1.2,3.3,0.7,0.5,4.2,0.1,0.7,2.2,0.343675917801762,-0.960137544364889,1.04899559187112,1.22321798795584,FALSE,""
"377","Tim Hardaway Jr.","DAL","G",FALSE,FALSE,TRUE,65,31.6,3.5,44.2,2.5,33.8,3.6,84.1,14.3,41.4,24.5,5.3,2.1,1.3,6.9,1.1,0.8,2.4,0.1,0.5,2.9,1.89181808023356,1.97771715812477,-0.384459264858451,0.80540518033704,FALSE,""
"378","Timothe Luwawu-Cabarrot","CHI","G-F",FALSE,TRUE,TRUE,50,13.4,0.9,45.5,0.7,31,0.6,75.6,5.2,46.8,34.6,2.4,3.1,0.4,2.5,0.4,0.4,0.5,0.2,0.2,1.7,0.780781633737972,-1.49505866945229,2.95155722839947,-0.112163571801411,FALSE,""
"379","Tobias Harris","PHI","F",FALSE,TRUE,FALSE,82,34.7,5.5,52.8,1.9,39.5,3.2,86.6,12.3,28.5,43.1,6,0.5,1.1,8.5,0.9,0.6,2.8,0.5,0.8,7,0.400398559957039,2.56447343478366,-1.71772724567753,-0.767375802723256,FALSE,""
"380","Tomas Satoransky","WAS","G-F",FALSE,TRUE,TRUE,80,27,2.4,52.1,0.8,38.1,1.6,81.9,6.5,27.1,48,4.9,4.2,1.7,5.9,1,1,5,0.2,1,2.5,-0.131869003589236,0.0900838751487781,-0.869192792281437,1.7243149951955,FALSE,""
"381","Tony Parker","CHA","G",FALSE,FALSE,TRUE,56,17.9,3.6,48.5,0.2,25.5,1.6,73.4,24.9,7.4,50.6,1.9,-1.5,0.5,2.1,0.4,0.4,3.7,0.1,0.3,1.2,-1.36416342999346,0.490216298047238,2.70883308472424,0.519373537110564,FALSE,""
"382","Tony Snell","MIL","G",FALSE,FALSE,TRUE,74,17.6,1.1,52.2,1.1,39.7,0.5,88.1,3.6,54.7,33.3,2.9,1.1,0.8,4.4,0.5,0.4,0.9,0.2,0.4,1.7,1.50046308214443,-0.84908873834183,2.10664257537307,-0.222039251180769,FALSE,""
"383","Torrey Craig","DEN","F",FALSE,TRUE,FALSE,75,20,1.3,56.9,0.8,32.4,0.7,70,2.8,42.6,43.3,3.5,-1.7,1,5.6,1,0.5,1,0.6,1.2,2.3,-0.134933402667395,-1.22672940232176,0.300393589441048,-0.768825371074878,FALSE,""
"384","Trae Young","ATL","G",FALSE,FALSE,TRUE,81,30.9,4.6,47.6,1.9,32.4,4.2,82.9,6.2,30.2,41.4,5.7,4.4,1.3,5.3,1.4,0.9,8.1,0.2,0.8,2.9,0.302523416194743,2.22173762987395,-1.5274781613101,2.56372028205477,FALSE,""
"385","Treveon Graham","BKN","F",FALSE,TRUE,FALSE,35,20.4,0.7,41.3,1.1,29.7,0.5,81.8,5.4,62,22.8,3.6,-2.6,0.5,5.5,0.9,0.4,1,0.2,0.7,2.4,1.99398388333974,-1.51026248545228,1.15566904346882,-0.674838485896294,FALSE,""
"386","Trevor Ariza","WAS","F",FALSE,TRUE,FALSE,69,34,2.2,49.5,2.1,33.6,1.9,79.3,3.7,50.4,30.8,5.3,6.7,2.4,5.5,1.2,1.3,3.7,0.3,0.7,4.7,1.46555104609849,0.20899866537187,-1.86391304033139,2.27178667484236,FALSE,""
"387","Trey Burke","DAL","G",FALSE,FALSE,TRUE,58,19.4,3.1,46.1,1,35,1.8,83.1,19.7,26.6,37.4,3.2,-0.7,0.9,4,0.7,0.6,2.7,0.1,0.5,1.2,0.546982212071039,0.760485931246312,1.54436916999113,0.581589332615899,FALSE,""
"388","Trey Lyles","DEN","F",FALSE,TRUE,FALSE,64,17.5,2.4,52.7,0.8,24.9,1.3,69.8,8.1,28,49.1,3.3,-1.7,0.6,5.8,0.5,0.5,1.4,0.4,0.7,3.2,-0.886402264282669,-0.502704210066944,1.09627650915827,-0.959571805298727,FALSE,""
"389","Troy Brown Jr.","WAS","F",FALSE,TRUE,FALSE,52,14,1.4,45.3,0.4,30.8,0.6,68.1,11.3,26.6,49.2,3,0.2,0.8,3.3,0.6,0.4,1.5,0.1,0.7,2.1,-0.434283719874939,-1.28336382981663,1.91251249164233,-0.0375635601380572,FALSE,""
"390","Troy Daniels","PHX","G",FALSE,FALSE,TRUE,51,14.9,0.8,48.1,1.4,38.1,0.4,78.3,11.3,69.8,13.2,2.4,2.9,0.7,2.5,0.4,0.5,0.5,0.1,0.3,1.2,2.7264596785634,-1.14073361919894,2.87365085669826,0.207234684855148,FALSE,""
"391","Troy Williams","SAC","F",FALSE,TRUE,FALSE,21,14.9,1.4,55.6,0.7,31.8,0.4,60,1.8,37.8,52.3,2.6,6.6,0.9,3.2,0.7,0.5,0.5,0.4,0.6,2.2,-0.763400924820849,-1.6463173025882,1.87634457107143,0.222217437014005,FALSE,""
"392","Tyler Dorsey","MEM","G",FALSE,FALSE,TRUE,48,14.5,1.3,47.7,0.9,33.3,0.8,62.3,8.1,44.6,34.5,2.8,5.5,0.7,3,0.7,0.3,1.2,0,0.6,1.8,0.568105108363067,-1.36458174787647,2.38510041049474,0.419021646730541,FALSE,""
"393","Tyler Johnson","PHX","G",FALSE,FALSE,TRUE,57,26.8,2.2,47.7,1.6,34.6,1.7,74.8,4.5,43.6,36.5,4.4,1.8,1.5,6.7,1.3,0.9,2.9,0.5,0.6,2.4,0.918066182906209,-0.135525296318281,-0.803874232841946,0.979307325250013,FALSE,""
"394","Tyler Zeller","MEM","C",TRUE,FALSE,FALSE,6,15.5,2.7,57.1,0,0,2.3,77.8,4.3,0,65.2,3.8,-10.3,0.2,5.7,0.3,0.2,0.7,0.5,1.8,2.2,-3.646405178228,-0.216115609868513,1.18232276683123,-2.92465862904518,FALSE,""
"395","Tyreke Evans","IND","G",FALSE,FALSE,TRUE,69,20.3,2.6,40.5,1.1,35.6,1.7,71.9,8.8,32.7,42.2,2.9,-3.3,1.4,4.3,1,0.8,2.4,0.3,0.5,2.4,0.514164437178143,-0.176926046065121,0.475330244088911,0.703652108982334,FALSE,""
"396","Tyrone Wallace","LAC","G",FALSE,FALSE,TRUE,62,10.1,1.4,44.4,0.1,21.1,0.5,52.6,9.2,5.5,71.6,1.8,0.5,0.5,2.2,0.3,0.3,0.7,0.1,0.3,1.3,-2.49469202238432,-1.87404824119512,3.31999819094144,-0.225594596222197,FALSE,""
"397","Tyson Chandler","LAL","C",TRUE,FALSE,FALSE,55,15.9,1.1,62.2,0,0,0.9,58.6,0,0,70.5,4.9,-2.1,0.5,6,0.4,0.4,0.7,0.4,1.7,3.9,-4.22144605854348,-1.88751636118439,0.414723281420298,-2.03816220074816,FALSE,""
"398","Tyus Jones","MIN","G",FALSE,FALSE,TRUE,68,22.9,2.1,45.3,0.6,31.7,0.9,84.1,14.1,25.6,47.9,3.7,3.9,1.9,4,0.8,1.2,4.8,0.1,0.3,1.6,-0.0208706101156858,-0.313695885104535,0.20287114210981,2.58202182463576,FALSE,""
"399","Victor Oladipo","IND","G",FALSE,FALSE,TRUE,36,31.9,4.9,47,2.1,34.3,2.9,73,21,32.9,30.8,5.8,2.3,2.8,8.1,1.8,1.7,5.2,0.3,0.6,5,0.967851205775946,1.9972093406282,-3.76354042013841,3.05436644592571,FALSE,""
"400","Vince Carter","ATL","F-G",FALSE,TRUE,TRUE,76,17.5,1,48,1.6,38.9,0.6,71.2,5.3,65.7,20.6,2.8,-0.4,1.1,3.9,0.4,0.6,1.1,0.4,0.4,2.1,2.25916562256628,-1.22281294707231,1.69498897050318,-0.17294487586424,FALSE,""
"401","Walt Lemon Jr.","CHI","G",FALSE,FALSE,TRUE,6,27.9,6,45,0.3,40,1.3,72.7,14,7,69.8,5.7,9,3.3,5.3,1.3,1.8,5,0.2,0.7,3.8,-1.63703431789499,0.976296447760337,-2.70335797602492,3.91802522071077,FALSE,""
"402","Wayne Ellington","DET","G",FALSE,FALSE,TRUE,53,24.5,0.9,54.1,2.6,37.1,0.7,79.6,2.2,76,14.7,3.7,-0.1,1.3,4.8,0.8,1,1.4,0.1,0.3,1.8,2.99603825166274,-0.676715654841433,0.833332665854317,0.89632999431463,FALSE,""
"403","Wayne Selden","CHI","G-F",FALSE,TRUE,TRUE,75,19.2,1.9,46.1,0.7,31.4,0.9,72.8,14.8,32.1,40.1,2.9,0,0.7,4.2,0.5,0.4,1.5,0.2,0.5,1.9,0.206549317608319,-0.668716553649487,1.99300548288718,-0.25527712005899,FALSE,""
"404","Wendell Carter Jr.","CHI","C",TRUE,FALSE,FALSE,44,25.2,4,51.1,0.1,18.8,2,79.5,14.1,4,62.4,6.6,-2.7,1.2,10.6,0.9,0.6,1.8,1.3,2,5,-2.35267016460817,0.575431401104417,-2.83297823985625,-2.55198007650727,FALSE,""
"405","Wes Iwundu","ORL","F",FALSE,TRUE,FALSE,68,18.1,1.2,43.1,0.4,36.7,1.2,81.6,11.2,25.7,38.3,2.7,-4.7,0.9,4.2,0.5,0.4,1.1,0.3,0.5,2.2,0.450848332483041,-0.682893130240459,1.75469786244864,-0.687634890618314,FALSE,""
"406","Wesley Johnson","WAS","F-G",FALSE,TRUE,TRUE,38,14.1,0.5,38.5,0.7,32.9,0.3,68.4,12.5,58.6,18.8,2.3,1.4,0.9,3.5,0.4,0.4,0.6,0.3,0.3,1.6,1.96124999878993,-1.94498118646871,2.46775874080926,-0.190662418595923,FALSE,""
"407","Wesley Matthews","IND","G-F",FALSE,TRUE,TRUE,69,30.3,1.9,43.6,2.2,37.2,1.9,81,8.3,53.6,22.4,4.6,0.8,1.5,5.8,1.1,0.8,2.3,0.2,0.5,2,2.37176694660532,0.248500148594413,-0.0470062239091924,0.955263821490618,FALSE,""
"408","Will Barton","DEN","G",FALSE,FALSE,TRUE,43,27.7,2.7,44.7,1.6,34.5,1.3,77,8.1,40.7,39.7,4.4,6.1,1.2,5.5,0.5,0.4,2.9,0.5,0.7,3.9,0.923935650018916,-0.0133674251537144,0.428658522746435,-0.0203205509515965,FALSE,""
"409","Willie Cauley-Stein","SAC","C",TRUE,FALSE,FALSE,81,27.3,5.1,55.6,0,50,1.7,55.1,6.4,0.3,78.8,6.8,-0.1,2.2,8.5,0.9,1.2,2.4,0.6,2.2,6.1,-2.6359108451138,0.453909506934977,-3.31687803680902,-0.502541318207484,FALSE,""
"410","Willy Hernangomez","CHA","C",TRUE,FALSE,FALSE,58,14,2.4,53.7,0.3,38.5,1.7,69.4,2.4,10.7,63.2,4.2,5.3,0.5,5.5,0.5,0.3,1,0.3,2,3.3,-1.62668431940366,-0.333519989012237,0.881532295267124,-1.34910444124879,FALSE,""
"411","Wilson Chandler","LAC","F",FALSE,TRUE,FALSE,51,23.1,1.1,47.8,1.2,37.7,0.4,72,7.2,58,28.9,3.5,-2.4,0.8,5.8,0.7,0.5,1.6,0.4,0.9,3.3,1.61660922795638,-1.31158856014755,0.620294722985938,-0.817334172869032,FALSE,""
"412","Yogi Ferrell","SAC","G",FALSE,FALSE,TRUE,71,15,1.4,49,0.8,36.2,0.8,89.6,15.7,38.6,31.4,2.5,2.3,0.8,2.2,0.4,0.5,1.9,0.1,0.2,1.4,1.16406889224367,-0.301392554505956,2.64337237021545,0.600029391079664,FALSE,""
"413","Yuta Watanabe","MEM","G",FALSE,FALSE,TRUE,15,11.6,0.9,37.1,0.1,12.5,0.5,70,10.3,15.4,56.4,2.1,-2.4,0.6,3.1,0.3,0.3,0.5,0.1,0.3,1.8,-1.42023860198849,-1.90237289989597,2.92488123241118,-0.597430623125215,FALSE,""
"414","Zach Collins","POR","F-C",TRUE,TRUE,FALSE,77,17.6,1.9,53.8,0.5,33.1,1.2,74.6,3.9,23.4,54.3,4.3,-0.1,0.6,8.1,0.6,0.3,0.9,0.9,1.4,2.8,-0.945827045892062,-0.647131264575504,0.109309345292636,-2.13210437431738,FALSE,""
"415","Zach LaVine","CHI","G",FALSE,FALSE,TRUE,63,34.5,6.4,50.1,1.9,37.2,5,83.2,9.8,24.1,45.2,5,1.4,1.6,6.5,1,1,4.5,0.4,0.6,4,-0.0413948725577589,3.44207709797249,-1.24905871638447,1.15553445152893,FALSE,""
"416","Zaza Pachulia","DET","C",TRUE,FALSE,FALSE,68,12.9,1.3,45,0,0,1.4,78.2,12.7,0,50.9,3.5,1.5,1,4.5,0.4,0.5,1.3,0.3,1.5,2.4,-2.3987514495492,-1.02914169460339,1.16218058951485,-0.709975055421642,FALSE,""
"417","Zhaire Smith","PHI","G",FALSE,FALSE,TRUE,6,18.4,1.3,44.4,1,37.5,1,75,5,45,35,3.2,-3.3,0.7,4.5,0.3,0.3,1.7,0.3,0.5,1.7,1.09453513638032,-0.995656695355298,2.00495621479378,-0.821484268545898,FALSE,""
