PROVINCE / LGU,economic_dynamism,government,infrastructure,resiliency,if_3_clusters,if_4_clusters,if_5_clusters,if_6_clusters,if_7_clusters,if_8_clusters,if_9_clusters,if_10_clusters
Aborlan,4.8368,8.3503,5.176,12.5147,1,1,1,1,1,1,1,1
Abra De Ilog,3.1806,5.9111,4.6669,13.5154,1,1,2,2,2,2,2,2
Abucay,6.0729,9.2626,6.0342,13.8172,2,2,3,3,3,3,3,3
Abulug,5.7954,9.2764,6.5946,13.4775,2,2,3,3,3,3,3,3
Abuyog,4.7338,9.8379,6.0446,12.1299,1,1,1,1,1,1,1,1
Adams,3.9448,9.1817,5.9825,13.7342,2,2,3,3,3,3,3,3
Agdangan,5.5469,9.9728,4.0778,12.8538,1,1,1,1,1,1,1,1
Aglipay,4.7942,9.0161,5.5658,13.5067,1,1,1,1,1,1,1,1
Agno,6.0222,9.6247,4.7975,13.4944,2,2,3,3,3,3,3,3
Agoncillo,4.685,6.9304,3.2959,12.2066,1,1,2,4,4,4,4,4
Agoo,6.4485,11.3248,6.4889,15.1421,2,2,3,3,3,3,5,5
Aguilar,4.4024,9.2074,4.378,13.4072,1,1,1,1,1,1,1,1
Aguinaldo,3.7384,9.0151,4.9631,11.8735,1,1,1,1,1,1,1,1
Agutaya,5.596,7.5919,2.1284,10.5384,1,1,2,4,4,4,4,4
Ajuy,4.3915,9.6379,4.1657,13.1533,1,1,2,4,4,4,4,4
Alabat,5.2583,9.9427,5.708,11.8344,1,1,1,1,1,1,1,1
Alabel,4.8833,10.432,6.9329,14.3541,2,2,3,3,3,3,3,3
Alamada,3.2825,9.5933,5.3865,13.3997,1,1,1,1,1,1,1,1
Alaminos (LA),6.1641,9.1235,6.7574,13.5526,2,2,3,3,3,3,5,5
Alaminos (PS),4.6339,9.513,7.3873,13.6454,2,2,3,3,3,3,5,5
Alang-Alang,4.8161,10.0128,4.7267,13.2917,1,1,1,1,1,1,1,1
Albuera,6.1235,8.5178,5.2109,13.3954,1,1,2,2,2,5,6,6
Alburquerque,6.5373,10.3206,5.8318,13.4897,2,2,3,3,3,3,3,3
Alcala (CG),5.3432,8.4096,5.6829,12.7366,1,1,2,2,2,5,6,6
Alcala (PS),5.4409,9.6557,5.4254,13.563,2,2,3,3,3,3,3,3
Alcantara (CU),5.6281,6.1767,5.6907,10.4342,1,1,2,2,2,5,6,6
Alcantara (RN),4.8494,9.5675,5.2144,13.6429,1,1,1,1,1,1,1,1
Alcoy,7.0959,9.7669,5.5471,11.6657,2,2,3,3,3,3,3,3
Alegria (CU),5.9408,10.1814,5.1316,12.1695,2,2,3,3,3,3,3,3
Alegria (SN),5.8449,8.3984,6.8468,12.2275,2,2,3,3,3,3,3,3
Aleosan,4.4189,9.8952,5.8943,13.884,2,2,3,3,3,3,3,3
Alfonso,4.3844,8.4003,5.9189,13.3744,1,1,1,1,1,1,1,1
Alfonso Castaneda,2.8715,6.0159,4.6747,12.5106,1,1,2,2,2,2,2,2
Alfonso Lista,7.4927,10.7821,5.0843,14.2393,2,2,3,3,3,3,3,3
Aliaga,3.2603,6.0344,5.1665,12.5494,1,1,2,2,2,2,2,2
Alicia (BL),5.7465,9.9335,4.9771,13.419,2,2,3,3,3,3,3,3
Alicia (IA),3.2762,9.7122,5.2571,12.7673,1,1,1,1,1,1,1,1
Alicia (ZS),3.6252,9.2725,4.5915,11.7102,1,1,2,4,4,4,4,4
Alimodian,5.1289,11.3743,6.3929,13.3528,2,2,3,3,3,3,3,3
Alitagtag,5.3032,9.7651,5.261,13.3318,2,2,3,3,3,3,3,3
Allacapan,5.8615,10.3518,6.4269,12.9409,2,2,3,3,3,3,3,3
Alilem,4.0775,9.502,3.8726,12.7681,1,1,2,4,4,4,4,4
Allen,6.0657,12.7159,6.6823,13.3519,2,2,3,3,3,3,3,3
Almagro,2.6153,7.83,3.2461,9.7753,1,1,2,4,4,4,4,4
Almeria,6.421,8.1163,5.8059,11.5875,1,1,2,2,2,5,6,6
Aloguinsan,5.4317,5.3806,5.1273,11.9701,1,1,2,2,2,2,2,2
Aloran,4.893,8.3631,5.5471,13.5643,1,1,1,1,1,1,1,1
Altavas,5.8479,7.4802,5.1023,11.5198,1,1,2,2,2,5,6,6
Alubijid,6.248,9.8315,5.0199,13.4685,2,2,3,3,3,3,3,3
Amadeo,6.5116,9.2933,6.2309,12.7295,2,2,3,3,3,3,3,3
Ambaguio,4.393,9.1005,4.6271,12.4821,1,1,1,1,1,1,1,1
Amlan,5.2723,6.3998,5.4418,13.6513,1,1,2,2,2,5,6,6
Ampatuan,3.853,9.3056,4.2476,13.3071,1,1,2,4,4,4,4,4
Amulung,3.5157,4.1599,4.7599,13.3663,1,1,2,2,2,2,2,2
Anahawan,3.8443,9.091,4.9692,9.1439,3,3,4,5,5,6,7,7
Anao,4.9838,9.989,5.4816,12.1149,1,1,1,1,1,1,1,1
Anda (BL),7.1974,10.3827,6.3742,11.5155,2,2,3,3,3,3,3,3
Anda (PS),6.2497,6.9302,4.7546,13.9027,1,1,2,2,2,5,6,6
Angadanan,4.0516,9.5331,5.1275,13.4423,1,1,1,1,1,1,1,1
Angat,4.0699,8.5934,3.797,13.4136,1,1,2,4,4,4,4,4
Angeles,4.1057,8.2712,5.2734,13.3179,1,1,1,1,1,1,1,1
Angono,7.0108,11.4188,8.3175,14.7894,2,2,3,3,3,3,5,5
Anilao,4.794,9.6845,5.1751,13.4383,1,1,1,1,1,1,1,1
Anini-Y,4.9714,7.4843,4.849,10.6087,1,1,2,2,2,2,2,2
Antequera,5.9142,9.3041,5.3563,13.3673,2,2,3,3,3,3,3,3
Antipas,3.9385,9.4146,6.1014,14.006,2,2,3,3,3,3,3,3
Antipolo,10.6333,14.6238,12.7429,14.738,2,4,5,6,6,7,8,8
Apalit,4.6573,8.9093,6.1465,13.2915,1,1,1,1,1,1,1,1
Aparri,4.2291,9.4363,5.0677,13.3198,1,1,1,1,1,1,1,1
Araceli,3.8442,6.8958,2.8003,12.4193,1,1,2,4,4,4,4,4
Arakan,3.3572,9.1748,5.6359,13.2463,1,1,1,1,1,1,1,1
Arayat,4.344,9.6801,5.8269,13.3197,2,2,3,3,3,3,3,3
Argao,6.5455,10.1687,6.2089,13.5547,2,2,3,3,3,3,3,3
Aringay,4.8959,9.3087,4.976,13.891,1,1,1,1,1,1,1,1
Aritao,3.6874,9.3004,4.9311,13.4211,1,1,1,1,1,1,1,1
Aroroy,4.2791,7.556,5.6591,13.4839,1,1,1,1,1,1,1,1
Arteche,4.4236,9.2222,4.7666,12.8532,1,1,1,1,1,1,1,1
Asingan,4.8405,9.8235,5.0175,13.5805,1,1,1,1,1,1,1,1
Asipulo,4.9597,9.8887,5.6625,14.0159,2,2,3,3,3,3,3,3
Asturias,6.5084,8.0711,5.8397,13.4986,1,1,2,2,2,5,6,6
Asuncion,4.3912,9.4968,4.9998,13.3581,1,1,1,1,1,1,1,1
Atimonan,4.3932,8.7178,5.1835,13.6076,1,1,1,1,1,1,1,1
Atok,4.5591,6.929,4.3694,13.1054,1,1,2,2,2,2,2,2
Aurora (IA),4.2653,9.5265,6.1166,13.4923,2,2,3,3,3,3,3,3
Aurora (ZR),6.0644,9.7538,6.2003,13.3397,2,2,3,3,3,3,3,3
Ayungon,7.3833,6.533,4.9253,11.9708,1,1,2,2,2,5,6,6
Baao,4.0841,9.2104,5.6617,12.6381,1,1,1,1,1,1,1,1
Babatngon,4.9873,9.1708,4.6717,12.7785,1,1,1,1,1,1,1,1
Bacacay,3.5663,9.631,6.1534,13.6876,2,2,3,3,3,3,3,3
Bacarra,5.981,10.7208,6.23,14.0286,2,2,3,3,3,3,3,3
Baclayon,5.5612,6.6385,5.7696,10.7824,1,1,2,2,2,5,6,6
Bacnotan,5.4883,10.1318,4.9522,14.2823,1,1,1,1,1,1,1,1
Baco,4.739,10.0342,5.657,13.3738,2,2,3,3,3,3,3,3
Bacolod (LN),4.9509,8.7496,5.6885,13.5878,1,1,1,1,1,1,1,1
Bacolod (NO),6.183,11.2005,7.7226,13.5355,2,2,3,3,3,3,5,5
Bacolod-Kalawi,4.0662,8.2581,4.774,12.5474,1,1,1,1,1,1,1,1
Bacolor,6.0041,9.4169,6.0214,13.4543,2,2,3,3,3,3,3,3
Bacong,5.5806,4.1408,4.9535,9.8823,1,1,2,2,2,2,2,2
Bacoor,9.279,11.4593,9.1225,13.8925,2,4,5,6,6,7,8,8
Bacuag,5.8864,10.5422,6.3024,13.5431,2,2,3,3,3,3,3,3
Bacungan Leon B. Postigo,4.8188,7.4123,4.7214,12.9578,1,1,2,2,2,2,2,2
Badian,5.9662,9.0017,4.9818,13.6451,2,2,3,3,3,3,3,3
Badiangan,4.9071,9.2607,5.4892,11.6658,1,1,1,1,1,1,1,1
Badoc,4.8877,10.3857,5.6316,13.7976,2,2,3,3,3,3,3,3
Bagabag,3.0447,9.1262,3.8051,13.1459,1,1,2,4,4,4,4,4
Bagac,4.8484,9.4709,5.3197,13.3661,1,1,1,1,1,1,1,1
Bagamanoc,2.4789,7.6577,5.6053,12.5131,1,1,2,2,2,2,2,2
Baganga,4.6192,10.0706,5.5373,13.4993,2,2,3,3,3,3,3,3
Baggao,5.181,8.8641,4.2826,13.1553,1,1,1,1,1,1,1,1
Bago,4.0328,9.8006,5.3979,13.5239,1,1,1,1,1,1,1,1
Baguio,7.945,9.6504,5.2097,14.1123,2,2,3,3,3,3,3,3
Bagulin,5.6525,10.7132,5.9831,13.8351,2,2,3,3,3,3,3,3
Bagumbayan,5.626,9.5916,5.1877,13.3483,2,2,3,3,3,3,3,3
Bais,4.2088,7.6582,5.69,10.9152,1,1,1,1,1,1,1,1
Bakun,3.7364,7.1969,5.0263,11.0286,1,1,2,2,2,2,2,2
Balabac,3.5898,9.0165,3.5311,12.2726,1,1,2,4,4,4,4,4
Balabagan,4.4843,10.3682,4.7924,13.4704,1,1,1,1,1,1,1,1
Balagtas,5.81,10.2797,5.845,13.341,2,2,3,3,3,3,3,3
Balamban,6.3131,9.4598,6.2223,13.5552,2,2,3,3,3,3,3,3
Balangkayan,5.0491,6.8448,4.1059,10.293,3,3,4,5,5,6,7,7
Balangiga,4.9652,7.1881,5.2927,9.6294,3,3,4,5,5,6,7,7
Balanga,4.9033,9.6649,7.327,13.518,2,2,3,3,3,3,5,5
Balaoan,4.8605,9.2833,5.0031,13.581,1,1,1,1,1,1,1,1
Balasan,6.1075,10.4049,6.321,13.6482,2,2,3,3,3,3,3,3
Balatan,3.0695,7.2748,2.2686,11.0818,1,1,2,4,4,4,4,4
Balayan,5.1094,10.0798,5.5944,13.4275,2,2,3,3,3,3,3,3
Balbalan,4.0462,4.3044,4.738,13.339,1,1,2,2,2,2,2,2
Baleno,3.1215,4.7739,1.2249,11.5165,3,3,4,5,5,6,7,9
Baler,9.6035,11.1831,8.1431,13.885,2,4,5,6,6,7,8,8
Balete (AK),4.0095,7.9993,5.0512,10.8533,1,1,2,2,2,2,2,2
Balete (BS),4.9803,7.4026,6.4015,11.5384,1,1,2,2,2,5,6,6
Baliangao,3.2412,6.5255,5.023,12.5216,1,1,2,2,2,2,2,2
Baliguian,6.0018,7.4783,4.1395,9.3803,3,3,4,5,5,6,7,7
Balilihan,5.5771,8.6029,5.6651,11.5078,1,1,1,1,1,1,1,1
Balindong,3.7018,7.0378,3.2656,12.7367,1,1,2,4,4,4,4,4
Balingasag,4.8734,8.9193,5.8044,13.4015,1,1,1,1,1,1,1,1
Balingoan,8.2343,9.1425,5.7994,13.6775,2,2,3,3,3,3,3,3
Baliwag,8.8955,12.8887,10.5071,15.7329,2,4,5,6,6,7,8,8
Ballesteros,3.9446,9.265,4.0956,13.3126,1,1,2,4,4,4,4,4
Baloi,7.689,10.5192,4.7906,12.3746,2,2,3,3,3,3,3,3
Balud,3.2608,2.7885,4.0867000000000004,11.5314,1,1,2,2,2,2,2,2
Balungao,5.4567,9.2654,5.6213,14.6104,2,2,3,3,3,3,5,5
Bamban,2.8321,9.6008,5.2699,13.2073,1,1,1,1,1,1,1,1
Bambang,4.029,8.0722,6.3479,11.4051,1,1,1,1,1,1,1,1
Banate,5.4762,9.4792,5.7595,15.2972,2,2,3,3,3,3,5,5
Banaue,4.453,7.6241,4.6181,12.0934,1,1,2,2,2,2,2,2
Banaybanay,4.5967,7.5612,5.0693,12.2094,1,1,2,2,2,2,2,2
Banayoyo,4.0982,9.4831,3.6727,13.1823,1,1,2,4,4,4,4,4
Banga (AK),5.2774,8.5867,5.1626,13.2855,1,1,1,1,1,1,1,1
Banga (SC),5.0723,10.0739,5.4505,13.6507,2,2,3,3,3,3,3,3
Bangar,7.3539,10.4929,4.5504,13.878,2,2,3,3,3,3,3,3
Bangued,5.9544,9.4543,5.5348,12.3551,2,2,3,3,3,3,3,3
Bangui,5.3511,10.978,6.1785,14.1423,2,2,3,3,3,3,3,3
Bani,4.1965,7.5345,4.5392,13.4667,1,1,2,4,4,4,4,4
Banisilan,3.8218,8.7706,4.7961,13.2268,1,1,1,1,1,1,1,1
Banna,4.6755,10.1327,5.1014,13.954,1,1,1,1,1,1,1,1
Bansalan,5.0793,10.6825,6.0215,14.0036,2,2,3,3,3,3,3,3
Bansud,3.9365,4.7355,4.6685,13.3507,1,1,2,2,2,2,2,2
Bantay,8.8498,11.8332,7.4385,14.1023,2,2,3,3,3,3,5,5
Bantayan Island,5.604,9.7236,5.43,10.9265,2,2,3,3,3,3,3,3
Baras (CT),3.9172,9.1348,5.7078,13.1773,1,1,1,1,1,1,1,1
Baras (RL),6.5854,10.6618,5.9282,13.7701,2,2,3,3,3,3,3,3
Barbaza,4.0299,7.212,4.929,12.6104,1,1,2,2,2,2,2,2
Barcelona,5.7507,9.5645,5.7167,12.3215,2,2,3,3,3,3,3,3
Barili,5.2493,10.5646,5.0124,12.8282,1,1,1,1,1,1,1,1
Barira,3.3847,9.3893,4.4606,11.8857,1,1,2,4,4,4,4,4
Barlig,4.57,10.1365,4.6441,12.3044,1,1,1,1,1,1,1,1
Barobo,6.5952,8.7464,6.0196,13.2643,2,2,3,3,3,3,3,3
Barotac Nuevo,4.7712,9.5629,5.725,13.2926,2,2,3,3,3,3,3,3
Barotac Viejo,6.1555,9.7337,6.1838,13.676,2,2,3,3,3,3,3,3
Baroy,4.6523,8.7238,4.9371,11.3885,1,1,1,1,1,1,1,1
Barugo,5.5199,9.7563,5.4119,12.860900000000001,2,2,3,3,3,3,3,3
Basay,5.2457,9.6008,5.0384,12.4077,1,1,1,1,1,1,1,1
Basco,6.4448,12.0743,7.9015,10.3959,2,2,3,3,3,3,5,5
Basey,3.3462,9.5248,5.268,12.1466,1,1,1,1,1,1,1,1
Basilisa,4.7624,8.9365,4.6956,13.25,1,1,1,1,1,1,1,1
Basista,5.5488,9.4887,5.4336,15.8406,2,2,3,3,3,3,5,5
Basud (CN),3.4913,9.1314,6.3628,12.0612,1,1,1,1,1,1,1,1
Batac,4.4474,9.1539,6.2123,13.6787,1,1,1,1,1,1,1,1
Batad,5.3385,10.4374,6.9127,13.8633,2,2,3,3,3,3,5,5
Batan,4.2508,6.7463,4.9366,13.2441,1,1,2,2,2,2,2,2
Batangas,10.3217,12.2684,8.9481,13.8952,2,4,5,6,6,7,8,8
Bataraza,4.6575,10.0404,4.3641,13.9668,1,1,1,1,1,1,1,1
Bato (CS),2.0775,6.659,4.2073,9.6142,3,3,4,5,5,6,7,7
Bato (CT),4.9808,11.4749,8.5989,15.0298,2,2,3,3,3,3,5,5
Bato (LE),6.8213,10.1461,5.0563,12.8818,2,2,3,3,3,3,3,3
Batuan (BL),6.4771,10.6866,6.4629,12.7136,2,2,3,3,3,3,3,3
Batuan (MS),4.1743,6.9263,2.2219,12.6578,1,1,2,4,4,4,4,4
Bauan,5.9128,9.8793,6.2501,13.3797,2,2,3,3,3,3,3,3
Bauang,6.1464,11.0183,5.4821,14.2603,2,2,3,3,3,3,3,3
Bauko,5.8208,10.0776,4.9118,12.8945,1,1,1,1,1,1,1,1
Baungon,4.6684,5.7825,4.985,12.1002,1,1,2,2,2,2,2,2
Bautista,5.2236,9.9989,5.7387,13.9467,2,2,3,3,3,3,3,3
Bay,3.9705,8.593,4.9065,12.3937,1,1,1,1,1,1,1,1
Bayabas,5.539,9.1283,6.3595,12.5536,2,2,3,3,3,3,3,3
Bayambang,5.4372,10.6002,5.8221,14.3978,2,2,3,3,3,3,3,3
Bayang,3.4467,8.9743,1.542,13.3159,1,1,2,4,4,4,4,4
Bayawan,5.2609,10.0742,5.2984,13.586,2,2,3,3,3,3,3,3
Baybay,4.7666,8.1292,5.8865,13.4985,1,1,1,1,1,1,1,1
Bayog,5.2503,9.1704,0.9748,12.3733,1,1,2,4,4,4,4,4
Bayombong,4.3584,7.5413,6.1353,13.5014,1,1,1,1,1,1,1,1
Bayugan,6.3375,7.8645,6.9412,12.1162,2,2,3,3,3,3,3,3
Belison,6.2381,9.8394,5.6781,12.1373,2,2,3,3,3,3,3,3
Benito Soliven,3.3364,9.9861,5.5564,13.3637,1,1,1,1,1,1,1,1
Besao,4.537,9.3064,5.4208,12.3455,1,1,1,1,1,1,1,1
Bien Unido,5.2103,9.7302,4.2754,13.5503,1,1,1,1,1,1,1,1
Bilar,6.3037,9.1559,5.299,10.7877,2,2,3,3,3,3,3,3
Biliran,6.1061,8.3929,7.0474,12.7675,1,1,2,2,2,5,6,6
Binalbagan,4.3579,8.9203,5.0077,11.3935,1,1,1,1,1,1,1,1
Binalonan,4.6558,9.2031,5.3028,12.9231,1,1,1,1,1,1,1,1
Binan,9.3553,11.8966,8.6283,14.3235,2,4,5,6,6,7,8,8
Binangonan,7.3025,10.6494,7.4808,15.4071,2,2,3,3,3,3,5,5
Bindoy,5.3831,8.8261,5.3954,12.1824,1,1,2,2,2,5,6,6
Bingawan,5.8897,10.7392,4.9739,13.7091,2,2,3,3,3,3,3,3
Binidayan,2.9258,6.5538,2.1719,9.2592,3,3,4,5,5,6,7,9
Binmaley,4.5093,10.0306,5.2767,13.5078,1,1,1,1,1,1,1,1
Binuangan,4.9744,8.8921,5.5296,13.738,1,1,1,1,1,1,1,1
Biri,4.1352,8.391,5.3911,12.3144,1,1,1,1,1,1,1,1
Bislig,5.7518,7.4447,6.4829,13.4772,1,1,2,2,2,5,6,6
Boac,4.1327,9.0474,5.7339,13.3392,1,1,1,1,1,1,1,1
Bobon,3.7665,3.9571,4.2752,7.8902,3,3,4,5,5,6,7,7
Bocaue,5.9437,10.0757,6.2934,13.3497,2,2,3,3,3,3,3,3
Bogo,4.9269,9.444,5.916,12.4994,1,1,1,1,1,1,1,1
Bokod,5.2839,9.5755,5.4172,12.9215,2,2,3,3,3,3,3,3
Bolinao,4.5882,7.6102,5.5085,13.7066,1,1,1,1,1,1,1,1
Boliney,3.8048,4.2851,4.5166,10.5398,1,1,2,2,2,2,2,2
Boljoon,6.0244,9.33,6.4851,12.346,2,2,3,3,3,3,3,3
Bombon,2.8781,1.52,0.7232,0,3,3,4,5,7,8,9,10
Bongabon,3.7502,9.4989,5.378,12.8684,1,1,1,1,1,1,1,1
Bongabong,3.9518,9.142,6.2384,12.8372,1,1,1,1,1,1,1,1
Bongao,4.1501,6.3608,4.2385,11.2398,1,1,2,2,2,2,2,2
Bonifacio,4.3919,8.2387,5.6906,12.1674,1,1,1,1,1,1,1,1
Bontoc (MP),4.4234,8.8287,6.4951,13.4307,1,1,1,1,1,1,1,1
Bontoc (SL),5.4874,7.0807,4.3199,11.7158,1,1,2,2,2,2,2,2
Borbon,5.2372,5.2049,5.4765,12.1543,1,1,2,2,2,2,2,2
Borongan,6.9518,8.683,3.8757,13.2729,1,1,1,1,1,1,1,1
Boston,4.4132,8.111,5.0794,11.8076,1,1,1,1,1,1,1,1
Botolan,3.7054,9.0988,5.284,12.0262,1,1,1,1,1,1,1,1
Braulio E. Dujali,5.3962,9.8656,4.3146,13.2928,1,1,1,1,1,1,1,1
Buadiposo-Buntong,3.6008,8.1263,3.4674,11.3256,1,1,2,4,4,4,4,4
Bubong,3.7101,8.284,5.0561,12.2806,1,1,1,1,1,1,1,1
Bucay,6.8083,10.0655,5.563,13.5605,2,2,3,3,3,3,3,3
Bucloc,3.6096,8.1023,2.5252,6.7419,3,3,4,5,5,6,7,7
Buenavista (AN),5.6596,7.3342,5.7092,12.3097,1,1,2,2,2,5,6,6
Buenavista (BL),5.2638,9.9798,5.0953,13.4463,2,2,3,3,3,3,3,3
Buenavista (GS),4.8043,8.9771,5.5374,13.7212,1,1,1,1,1,1,1,1
Buenavista (ME),4.0788,8.0137,5.2838,13.5061,1,1,1,1,1,1,1,1
Buenavista (QN),6.5035,8.3168,4.7089,13.8961,1,1,2,2,2,5,6,6
Bugallon,4.4016,7.6063,5.1125,13.592,1,1,1,1,1,1,1,1
Bugasong,5.0548,9.3012,5.0689,13.3363,2,2,3,3,3,3,3,3
Buguey,4.7204,9.4415,4.8027,13.5238,1,1,1,1,1,1,1,1
Buguias,7.1184,10.4707,5.8073,12.865,2,2,3,3,3,3,3,3
Buhi,2.5659,6.6436,5.3061,13.249,1,1,2,2,2,2,2,2
Bula,2.8045,5.8653,4.913,11.6685,1,1,2,2,2,2,2,2
Bulakan,5.0276,7.7528,5.1842,13.151,1,1,2,2,2,5,6,6
Bulalacao,3.4818,8.5595,3.7449,12.3099,1,1,2,4,4,4,4,4
Bulan,4.0864,5.6036,4.4275,12.7481,1,1,2,2,2,2,2,2
Buldon,2.9998,9.4525,4.952,13.3576,1,1,1,1,1,1,1,1
Buluan,4.3723,7.9521,5.1368,13.3019,1,1,1,1,1,1,1,1
Bulusan,4.0309,7.3832,4.612,13.2589,1,1,2,4,4,4,4,4
Bumbaran,4.4898,8.7086,3.7252,13.2277,1,1,2,4,4,4,4,4
Bunawan,4.7637,9.2472,5.2037,10.7711,1,1,1,1,1,1,1,1
Burauen,4.8201,9.5683,5.2438,13.4151,1,1,1,1,1,1,1,1
Burdeos,3.7729,6.3133,5.8429,12.1872,1,1,2,2,2,2,2,2
Burgos (IA),2.8061,9.5601,5.3435,12.3589,1,1,1,1,1,1,1,1
Burgos (IN),5.6046,10.8984,7.0086,13.958,2,2,3,3,3,3,5,5
Burgos (IS),4.6579,8.9466,4.003,13.4403,1,1,2,4,4,4,4,4
Burgos (LU),4.5336,10.4406,4.7881,14.5584,1,1,1,1,1,1,1,1
Burgos (PS),5.0655,9.0757,5.4487,12.8228,2,2,3,3,3,3,3,3
Burgos (SN),5.0425,9.0583,5.3161,13.0986,2,2,3,3,3,3,3,3
Buruanga,4.4479,10.1487,5.9727,13.4308,2,2,3,3,3,3,3,3
Bustos,5.1533,9.0924,5.3951,13.1368,2,2,3,3,3,3,3,3
Busuanga,5.9518,9.4765,5.2721,13.5305,2,2,3,3,3,3,3,3
Butig,3.8674,8.0725,2.6672,11.1911,1,1,2,4,4,4,4,4
Butuan,5.9144,8.7635,4.9936,12.4966,1,1,1,1,1,1,1,1
Buug,6.8068,9.9861,5.2968,13.4398,2,2,3,3,3,3,3,3
Caba,4.8346,9.4261,5.1211,13.6938,1,1,1,1,1,1,1,1
Cabadbaran,4.9849,7.9125,6.0686,12.1833,1,1,2,2,2,5,6,6
Cabagan,2.8577,10.379,6.5242000000000004,13.3594,1,1,1,1,1,1,1,1
Cabanatuan,5.5625,8.0391,6.8024,12.0181,2,2,3,3,3,3,3,3
Cabangan,4.703,8.854,5.3985,13.4594,1,1,1,1,1,1,1,1
Cabanglasan,6.0915,9.5748,5.1945,13.4103,2,2,3,3,3,3,3,3
Cabarroguis,6.3066,10.372,6.3376,13.4175,2,2,3,3,3,3,3,3
Cabatuan (IA),5.1837,9.3698,6.3209,13.4866,2,2,3,3,3,3,3,3
Cabatuan (IO),5.0185,9.5791,5.9778,13.7346,2,2,3,3,3,3,3,3
Cabiao,3.7078,9.1125,5.599,13.3535,1,1,1,1,1,1,1,1
Cabucgayan,5.9926,9.6563,6.1285,12.9277,2,2,3,3,3,3,3,3
Cabugao,4.7586,9.6803,5.4058,13.5071,2,2,3,3,3,3,3,3
Cabusao,3.3576,6.1424,5.0631,12.6366,1,1,2,2,2,2,2,2
Cabuyao,8.8742,10.5618,8.3131,14.1612,2,4,5,6,6,7,8,8
Cadiz,4.0553,9.744,6.3263,11.7072,1,1,1,1,1,1,1,1
Cagayan De Oro,6.812,11.5028,9.4422,18.008,2,4,5,6,6,7,8,8
Cagayancillo,4.0328,5.7563,2.0322,11.3502,1,1,2,4,4,4,4,4
Cagdianao,5.0442,9.9322,4.1168,12.9669,1,1,1,1,1,1,1,1
Cagwait,6.1153,10.0749,5.506,13.4305,2,2,3,3,3,3,3,3
Caibiran,6.5854,9.8029,6.0846,11.7348,2,2,3,3,3,3,3,3
Cainta,12.8121,13.7738,9.6672,14.1275,2,4,5,6,6,7,8,8
Cajidiocan,4.963,5.8915,5.379,12.4431,1,1,2,2,2,2,2,2
Calabanga,2.9709,8.4366,4.9739,12.7174,1,1,1,1,1,1,1,1
Calaca,5.6663,9.2479,5.531,13.259,2,2,3,3,3,3,3,3
Calamba (LA),9.3722,10.0417,9.1331,14.0486,2,4,5,6,6,7,8,8
Calamba (MC),7.8261,10.5751,6.7623,13.4118,2,2,3,3,3,3,5,5
Calanasan,3.8753,7.6625,3.6602,12.0496,1,1,2,4,4,4,4,4
Calanogas,3.5602,10.2685,5.0853,13.2976,1,1,1,1,1,1,1,1
Calapan,6.5093,10.7023,8.4448,18.3055,2,4,5,6,6,7,8,8
Calape,6.7394,9.4735,5.8637,12.2185,2,2,3,3,3,3,3,3
Calasiao,5.6498,10.6644,6.286,14.2672,2,2,3,3,3,3,3,3
Calatagan,3.9648,6.4658,4.1105,13.3483,1,1,2,4,4,4,4,4
Calatrava (NO),3.8022,7.926,4.1738,11.2144,1,1,2,2,2,2,2,2
Calatrava (RN),4.5338,9.9275,5.2219,12.9204,1,1,1,1,1,1,1,1
Calauag,3.9048,7.2463,5.527,12.1531,1,1,2,2,2,2,2,2
Calauan,4.3005,6.9171,5.0959,13.134,1,1,2,2,2,2,2,2
Calayan,4.5849,6.6416,5.4329,11.0364,1,1,2,2,2,5,6,6
Calbayog,4.2922,9.0102,6.4975,13.4905,1,1,1,1,1,1,1,1
Calbiga,3.9335,8.5081,4.5544,13.4664,1,1,1,1,1,1,1,1
Calinog,4.5666,9.4849,5.2818,13.3722,1,1,1,1,1,1,1,1
Calintaan,5.1658,5.8595,4.4575,13.4033,1,1,2,2,2,2,2,2
Caloocan,5.0511,12.4574,6.5503,14.4174,2,2,3,3,3,3,3,3
Calumpit,5.3581,4.4215,4.2612,11.3109,1,1,2,2,2,2,2,2
Caluya,4.577,5.5113,3.8301,12.5414,1,1,2,2,2,2,2,2
Camalaniugan,4.4271,10.4763,5.7587,13.6835,2,2,3,3,3,3,3,3
Camalig,2.8423,8.7192,5.3121,12.1103,1,1,1,1,1,1,1,1
Camaligan,3.4222,9.7592,6.2453,10.9594,1,1,1,1,1,1,1,1
Camiling,4.25,8.3723,5.9388,13.464,1,1,1,1,1,1,1,1
Can-Avid,6.329,10.0533,5.3158,13.6937,2,2,3,3,3,3,3,3
Canaman,2.9849,9.7245,5.7409,12.8684,1,1,1,1,1,1,1,1
Candaba,3.6847,9.2827,5.4013,13.2319,1,1,1,1,1,1,1,1
Candelaria (QN),5.5016,10.8884,6.8716,13.393,2,2,3,3,3,3,5,5
Candelaria (ZA),4.2516,9.3382,5.5158,13.3273,1,1,1,1,1,1,1,1
Candijay,5.4916,6.9242,6.0057,13.7117,1,1,2,2,2,5,6,6
Candon,5.9955,9.8423,5.6469,14.2922,2,2,3,3,3,3,3,3
Candoni,3.588,7.6506,3.6686,13.3912,1,1,2,4,4,4,4,4
Canlaon,4.2526,7.2373,4.3921,11.8859,1,1,2,2,2,2,2,2
Cantilan,5.7082,7.9298,4.9249,9.0639,3,3,4,5,5,6,7,7
Caoayan,5.0374,10.1709,5.6401,14.266,2,2,3,3,3,3,3,3
Capalonga,3.7615,7.6144,3.7876,11.8033,1,1,2,4,4,4,4,4
Capas,5.188,9.8078,6.5357,13.3097,2,2,3,3,3,3,3,3
Capoocan,3.933,7.4632,4.5817,10.5068,1,1,2,2,2,2,2,2
Capul,3.7416,7.9184,5.611,8.8039,3,3,4,5,5,6,7,7
Caraga,4.4156,9.0424,4.7957,13.3379,1,1,1,1,1,1,1,1
Caramoan,2.234,6.9758,3.2589,12.0839,1,1,2,4,4,4,4,4
Caramoran,2.8,8.7351,4.9856,10.1047,3,3,4,5,5,6,7,7
Carasi,3.3962,9.195,4.8217,12.7096,1,1,1,1,1,1,1,1
Carcar,4.6121,8.9104,5.5017,13.4758,1,1,1,1,1,1,1,1
Cardona,4.9392,10.3604,5.7179,14.2755,2,2,3,3,3,3,3,3
Carigara,5.0765,8.7521,5.551,11.8058,1,1,1,1,1,1,1,1
Carles,4.1671,9.2958,5.4708,11.8878,1,1,1,1,1,1,1,1
Carmen (AN),5.4285,9.1658,5.6488,12.9781,2,2,3,3,3,3,3,3
Carmen (BL),5.2815,9.4166,4.7991,15.1789,2,2,3,3,3,3,5,5
Carmen (CU),7.0132,6.0996,5.7753,11.568,1,1,2,2,2,5,6,6
Carmen (DN),5.736,11.2438,5.768,14.2125,2,2,3,3,3,3,3,3
Carmen (NC),3.5607,9.1445,5.5576,13.5009,1,1,1,1,1,1,1,1
Carmen (SS),6.4498,9.6075,6.2914,12.2546,2,2,3,3,3,3,3,3
Carmona,9.8337,11.3744,7.7039,13.7066,2,4,5,6,6,7,8,8
Carranglan,2.9395,7.3959,5.4171,13.397,1,1,2,2,2,2,2,2
Carrascal,6.9475,8.3707,3.3694,12.8249,1,1,1,1,1,1,1,1
Casiguran (AU),4.0154,7.8418,4.968,11.249,1,1,2,2,2,2,2,2
Casiguran (SO),3.7883,6.2528,4.7586,12.8134,1,1,2,2,2,2,2,2
Castilla,4.8366,10.26,6.1227,13.2994,2,2,3,3,3,3,3,3
Castillejos,6.5818,10.0392,6.7386,13.6892,2,2,3,3,3,3,3,3
Cataingan,4.5194,9.2254,5.0006,13.3917,1,1,1,1,1,1,1,1
Catanauan,4.0433,5.9046,3.0645,12.8718,1,1,2,4,4,4,4,4
Catarman (CM),8.2221,11.8774,7.5592,14.5602,2,2,3,3,3,3,5,5
Catarman (NS),5.4907,4.5445,5.9841,13.0351,1,1,2,2,2,2,2,2
Catbalogan,4.2478,9.2907,5.9304,11.3142,1,1,1,1,1,1,1,1
Cateel,4.4304,8.7703,5.1274,12.0113,1,1,1,1,1,1,1,1
Catigbian,7.5312,9.9788,5.9803,13.5116,2,2,3,3,3,3,5,5
Catmon,5.6528,5.8641,5.3197,13.4515,1,1,2,2,2,5,6,6
Catubig,3.3087,5.8271,4.6825,12.5356,1,1,2,2,2,2,2,2
Cauayan (IA),3.8258,9.2419,6.4471,13.5117,1,1,1,1,1,1,1,1
Cauayan (NO),3.1524,8.6081,4.4028,11.1669,1,1,2,4,4,4,4,4
Cavinti,4.4485,9.3129,5.6625,13.6339,2,2,3,3,3,3,3,3
Cavite,3.7068,8.3916,6.9768,13.6046,1,1,1,1,1,1,1,1
Cawayan,4.2932,6.5221,4.0229,10.7606,1,1,2,2,2,2,2,2
Cebu,8.0049,11.7988,8.5319,12.1804,2,2,3,3,3,3,5,5
Cervantes,5.1244,9.2947,5.3478,13.7892,2,2,3,3,3,3,3,3
Clarin (BL),6.2713,11.3622,6.4757,12.203,2,2,3,3,3,3,3,3
Clarin (MC),4.5378,6.9038,5.9858,11.5664,1,1,2,2,2,5,6,6
Claver,5.4688,10.0862,6.0438,13.8178,2,2,3,3,3,3,3,3
Claveria (CG),5.379,9.9753,5.1868,12.2871,1,1,1,1,1,1,1,1
Claveria (MO),5.3309,8.4058,5.3676,13.3057,1,1,1,1,1,1,1,1
Claveria (MS),4.0801,6.2156,3.0339,12.4735,1,1,2,4,4,4,4,4
Columbio,4.4899,8.7374,4.2066,13.3912,1,1,2,4,4,4,4,4
Compostela (CU),8.2834,7.8623,5.9528,13.6074,2,2,3,3,3,3,3,3
Compostela (CV),5.677,9.9277,7.9063,13.6451,2,2,3,3,3,3,5,5
Concepcion,3.5889,6.8646,3.0517,11.4682,1,1,2,4,4,4,4,4
Concepcion (RN),4.4274,7.1277,3.1874,10.8241,1,1,2,4,4,4,4,4
Concepcion (TC),4.1936,9.7085,6.8324,11.9094,1,1,1,1,1,1,1,1
Conner,4.2917,8.9098,3.7199,13.3832,1,1,2,4,4,4,4,4
Consolacion,6.7528,6.5713,6.6233,13.6233,1,1,2,2,2,5,6,6
Corcuera,3.641,8.9437,2.2949,12.9772,1,1,2,4,4,4,4,4
Cordon,4.6983,9.6324,6.0712,13.5076,2,2,3,3,3,3,3,3
Cordova,7.2675,9.418,6.4694,13.7705,2,2,3,3,3,3,5,5
Corella,6.4716,10.3907,6.5795,13.5004,2,2,3,3,3,3,3,3
Coron,5.4108,8.1159,5.8477,12.6,1,1,2,2,2,5,6,6
Cortes (BL),5.8592,9.6095,6.3533,8.7823,2,2,3,3,3,3,3,3
Cortes (SS),4.9289,8.6754,4.7748,12.6111,1,1,1,1,1,1,1,1
Cuartero,5.2609,9.024,6.0125,12.1795,1,1,1,1,1,1,1,1
Cuenca,7.3547,6.4285,5.8681,12.1578,1,1,2,2,2,5,6,6
Culaba,5.4357,6.5498,5.4787,10.2824,1,1,2,2,2,5,6,6
Culasi,5.8735,9.209,6.3815,13.1756,2,2,3,3,3,3,3,3
Culion,5.4049,7.2824,4.951,13.4325,1,1,2,2,2,5,6,6
Currimao,4.2696,9.2207,5.5324,13.5065,1,1,1,1,1,1,1,1
Cuyapo,3.3338,8.4941,5.9019,13.1503,1,1,1,1,1,1,1,1
Cuyo,5.0255,5.9634,5.4719,12.0179,1,1,2,2,2,2,2,2
Daet,5.1578,8.961,8.5587,11.8145,2,2,3,3,3,3,5,5
Dagami,4.8451,6.815,5.2083,7.7798,3,3,4,5,5,6,7,7
Dagohoy,6.3415,7.5367,5.3911,12.7873,1,1,2,2,2,5,6,6
Daguioman,3.7789,3.5092,4.7694,12.7286,1,1,2,2,2,2,2,2
Dagupan,6.5257,12.6885,8.2775,14.2655,2,2,3,3,3,3,5,5
Dalaguete,5.3843,9.4063,5.2989,13.3656,2,2,3,3,3,3,3,3
Damulog,5.8404,9.2879,4.9052,13.5332,2,2,3,3,3,3,3,3
Danao (BL),5.2874,8.6457,5.1474,11.8124,1,1,1,1,1,1,1,1
Danao (CU),6.6347,8.8334,5.8817,12.2594,2,2,3,3,3,3,3,3
Dangcagan,5.0037,9.3231,5.2294,12.2021,1,1,1,1,1,1,1,1
Danglas,4.4027,9.3551,5.4555,12.9302,1,1,1,1,1,1,1,1
Dao,4.8503,9.7521,5.7773,11.5109,1,1,1,1,1,1,1,1
Dapa,6.1709,7.1909,6.2872,11.8717,1,1,2,2,2,5,6,6
Dapitan,5.2165,8.0748,5.5107,13.4395,1,1,1,1,1,1,1,1
Cotabato,5.7185,12.0127,8.5138,13.9656,2,2,3,3,3,3,5,5
Daraga,3.7577,9.8264,6.0365,14.0619,2,2,3,3,3,3,3,3
Daram,4.3448,8.7021,4.6839,13.7632,1,1,1,1,1,1,1,1
Dasmarinas,12.3205,12.5895,9.821,14.2077,2,4,5,6,6,7,8,8
Dasol,6.0797,9.8906,5.0426,13.5215,2,2,3,3,3,3,3,3
Datu Abdullah Sangki,4.5551,11.4246,5.3627,13.8193,2,2,3,3,3,3,3,3
Datu Anggal Midtimbang,3.1523,8.4929,5.8291,12.7111,1,1,1,1,1,1,1,1
Datu Blah TSinsuat,3.3817,2.8555,4.0511,7.8777,3,3,4,5,5,6,7,7
Datu Hoffer Ampatuan,3.3928,8.029,3.2278,10.8755,1,1,2,4,4,4,4,4
Datu Odin Sinsuat,3.0552,8.7704,4.2903,12.1645,1,1,2,4,4,4,4,4
Datu Paglas,5.5329,9.6629,4.6426,13.5005,1,1,1,1,1,1,1,1
Datu Piang,3.2082,7.0856,4.3405,10.4553,1,1,2,4,4,4,4,4
Datu Salibo,3.7386,6.4415,5.4571,11.5556,1,1,2,2,2,2,2,2
Datu Saudi-Ampatuan,3.5773,6.8816,3.9337,12.7771,1,1,2,4,4,4,4,4
Datu Unsay,3.5725,7.6165,4.8694,7.769,3,3,4,5,5,6,7,7
Dauin,6.6433,7.5526,3.4499,12.2946,1,1,1,1,1,1,1,1
Dauis,6.549,9.045,5.683,10.8951,2,2,3,3,3,3,3,3
Davao,10.5196,15.4591,11.4187,15.3406,2,4,5,6,6,7,8,8
Del Carmen,7.2687,10.6558,7.0893,13.7106,2,2,3,3,3,3,5,5
Del Gallego,2.8669,8.2527,3.8229,13.2579,1,1,2,4,4,4,4,4
Delfin Albano,3.3612,10.036,4.6577,13.301,1,1,1,1,1,1,1,1
Diadi,3.6328,9.4977,3.3134,12.1328,1,1,2,4,4,4,4,4
Diffun,4.7505,9.2104,5.5977,13.338,2,2,3,3,3,3,3,3
Digos,6.0201,8.8391,7.4645,14.2137,1,1,2,2,2,5,6,6
Dilasag,4.5451,8.9732,3.3172,12.6716,1,1,2,4,4,4,4,4
Dimasalang,4.3518,6.6245,2.8714,11.529,1,1,2,4,4,4,4,4
Dimataling,5.2752,10.2228,5.371,14.1475,1,1,1,1,1,1,1,1
Dimiao,5.1991,9.6404,5.4392,13.2773,2,2,3,3,3,3,3,3
Dinagat,5.9923,9.7643,5.426,13.7993,2,2,3,3,3,3,3,3
Dinalungan,3.5771,7.2992,5.3138,13.3807,1,1,2,2,2,2,2,2
Dinalupihan,5.0118,10.657,6.575,13.3998,2,2,3,3,3,3,3,3
Dinapigue,2.1751,7.8148,2.7715,13.151,1,1,2,4,4,4,4,4
Dinas,4.6361,8.9018,5.0872,13.7044,1,1,1,1,1,1,1,1
Dingalan,5.3525,9.5324,6.0785,13.6765,2,2,3,3,3,3,3,3
Dingle,5.2947,10.5114,5.7601,12.2533,2,2,3,3,3,3,3,3
Dingras,3.9625,8.8977,5.6743,13.3529,1,1,1,1,1,1,1,1
Dipaculao,5.6565,9.2872,4.8282,13.9776,1,1,1,1,1,1,1,1
Diplahan,5.1958,9.1788,5.0887,13.5993,2,2,3,3,3,3,3,3
Dipolog,7.7698,9.9248,6.9124,13.4085,2,2,3,3,3,3,5,5
Ditsaan-Ramain,3.7389,8.9547,5.0193,12.658,1,1,1,1,1,1,1,1
Divilacan,1.9422,9.0784,3.7313,11.9417,1,1,2,4,4,4,4,4
Dolores (AA),5.7786,10.1589,5.5159,12.9464,2,2,3,3,3,3,3,3
Dolores (ES),5.3463,6.2847,5.3856,11.4027,1,1,2,2,2,5,6,6
Dolores (QN),4.6939,8.6522,5.2924,13.3251,1,1,1,1,1,1,1,1
Don Carlos,4.3908,8.7643,5.2161,13.3559,1,1,1,1,1,1,1,1
Don Marcelino,5.6256,9.5869,4.3737,12.7404,1,1,1,1,1,1,1,1
Don Victoriano Chiongbian,3.4273,8.0557,4.7624,13.1574,1,1,1,1,1,1,1,1
Dona Remedios Trinidad,4.1488,8.6712,5.0508,11.4094,1,1,1,1,1,1,1,1
Donsol,4.1325,8.5292,5.5192,13.1247,1,1,1,1,1,1,1,1
Duenas,5.0004,8.6271,5.3869,13.5211,1,1,1,1,1,1,1,1
Duero,5.3478,8.4941,5.3395,12.292,1,1,2,2,2,5,6,6
Dulag,5.592,8.9199,3.8409,11.7666,1,1,1,1,1,1,1,1
Dumaguete,5.5095,8.1588,6.0438,10.7117,1,1,2,2,2,5,6,6
Dumalag,5.1678,9.1766,5.4144,13.427,2,2,3,3,3,3,3,3
Dumalinao,5.3966,8.246,5.9275,12.6422,1,1,2,2,2,5,6,6
Dumalneg,4.4987,10.1691,6.0472,13.3043,2,2,3,3,3,3,3,3
Dumangas,5.5294,9.5653,6.1387,13.7696,2,2,3,3,3,3,3,3
Dumanjug,6.6199,7.3019,6.2793,12.096,1,1,2,2,2,5,6,6
Dumaran,4.8636,7.3701,2.5484,12.98,1,1,2,4,4,4,4,4
Dumarao,4.1182,8.7212,5.8574,13.241,1,1,1,1,1,1,1,1
Dumingag,5.0277,8.0056,4.6101,12.8426,1,1,2,2,2,2,2,2
Dupax Del Norte,3.8996,9.2035,5.8599,13.483,2,2,3,3,3,3,3,3
Dupax Del Sur,2.7154,8.5382,1.8322,13.3054,1,1,2,4,4,4,4,4
E. B. Magalona,4.0284,9.0558,5.3175,12.8505,1,1,1,1,1,1,1,1
Echague,3.7959,9.8756,5.5326,14.3394,1,1,1,1,1,1,1,1
El Nido,6.0694,9.2902,6.0649,13.8547,2,2,3,3,3,3,3,3
El Salvador,4.7276,9.2348,6.1882,13.5772,1,1,1,1,1,1,1,1
Enrile,4.2229,8.7577,5.7243,10.3656,3,3,4,5,5,6,7,7
Enrique Villanueva,4.8738,9.123,5.9986,13.8252,1,1,1,1,1,1,1,1
Escalante,3.3146,8.5027,4.8915,10.2039,3,3,4,5,5,6,7,7
Esperanza (AS),4.3364,9.0265,5.4972,13.2849,1,1,1,1,1,1,1,1
Esperanza (MS),4.2955,8.6306,4.9479,9.7989,3,3,4,5,5,6,7,7
Esperanza (SK),5.4364,9.5912,5.981,13.0404,2,2,3,3,3,3,3,3
Estancia,4.4358,8.4806,5.5323,13.3056,1,1,1,1,1,1,1,1
Famy,5.7781,7.2272,5.6338,12.8347,1,1,2,2,2,5,6,6
Ferrol,4.7587,6.9686,5.1687,12.9245,1,1,2,2,2,2,2,2
Flora,5.3973,9.1565,4.8311,12.2143,1,1,1,1,1,1,1,1
Floridablanca,4.493,9.2931,5.9039,13.3187,1,1,1,1,1,1,1,1
Gabaldon,3.7818,9.9569,6.2002,13.446,2,2,3,3,3,3,3,3
Gainza,3.8083,6.2488,2.6835,8.4798,3,3,4,5,5,6,7,7
Galimuyod,4.2768,9.1468,3.9307,13.7848,1,1,2,4,4,4,4,4
Gamay,4.3251,8.8033,4.6882,11.5414,1,1,1,1,1,1,1,1
Gamu,3.7573,9.8718,4.8688,12.2366,1,1,1,1,1,1,1,1
Ganassi,2.99,2.651,0.1241,12.2911,3,3,4,5,5,6,7,9
Gandara,2.5229,6.4755,4.103,13.1542,1,1,2,4,4,4,4,4
Gapan,3.1728,9.0863,6.4686,13.6528,1,1,1,1,1,1,1,1
Garchitorena,2.0583,6.3756,2.253,8.0531,3,3,4,5,5,6,7,7
Garcia-Hernandez,6.323,8.8204,4.8461,13.382,1,1,2,2,2,5,6,6
Gasan,4.7166,8.6489,5.9179,13.3422,1,1,1,1,1,1,1,1
Gattaran,3.8856,8.6106,4.5692,12.9943,1,1,1,1,1,1,1,1
Gen S.K Pendatun,3.1518,8.3156,5.4107,12.3212,1,1,1,1,1,1,1,1
Gen. Emilio Aguinaldo,6.4114,7.1269,6.5006,13.1705,1,1,2,2,2,5,6,6
Gen. Mariano Alvarez,6.0568,9.8949,6.1343,12.222,2,2,3,3,3,3,3,3
General Luna (SN),10.7462,8.9117,11.2604,13.2896,2,4,5,6,6,7,8,8
General Luna (QN),4.8247,8.5703,4.546,12.9456,1,1,1,1,1,1,1,1
General Macarthur,5.4111,1.1518,0.4348,0,3,3,4,5,7,8,9,10
General Mamerto Natividad,4.0796,8.3612,5.5963,10.849,1,1,1,1,1,1,1,1
General Nakar,3.5323,9.3962,5.1876,13.4383,1,1,1,1,1,1,1,1
General Santos,6.9222,12.0035,6.7156,14.114,2,2,3,3,3,3,5,5
General Tinio,3.0865,8.0501,5.3319,13.275,1,1,1,1,1,1,1,1
General Trias,8.9119,11.3377,6.8622,13.6507,2,2,3,3,3,3,5,5
Gerona,4.0003,9.7353,5.0925,13.863,1,1,1,1,1,1,1,1
Getafe,5.1733,9.6787,4.1081,12.7589,1,1,1,1,1,1,1,1
Gigaquit,4.7393,9.1919,5.7453,13.4636,2,2,3,3,3,3,3,3
Gigmoto,2.3004,7.2501,5.4902,11.3929,1,1,2,2,2,2,2,2
Ginatilan,6.2388,7.6552,6.5648,14.2805,1,1,2,2,2,5,6,6
Gingoog,7.7291,11.9302,8.2486,14.1358,2,2,3,3,3,3,5,5
Giporlos,7.3644,8.7908,5.187,11.9105,1,1,2,2,2,5,6,6
Gitagum,5.3918,8.9677,7.2309,13.1794,1,1,2,2,2,5,6,6
Glan,4.6682,10.1204,6.2914,13.7023,2,2,3,3,3,3,3,3
Gloria,5.5326,6.8048,4.622,12.91,1,1,2,2,2,5,6,6
Goa,3.2314,8.495,5.6623,13.2887,1,1,1,1,1,1,1,1
Godod,5.3401,7.2956,3.9057,12.7732,1,1,2,4,4,4,4,4
Gonzaga,3.5062,9.9375,5.0411,13.3682,1,1,1,1,1,1,1,1
Governor Generoso,4.738,8.4519,4.9774,13.4534,1,1,1,1,1,1,1,1
Gregorio Del Pilar,4.2846,9.4275,6.1444,13.3139,2,2,3,3,3,3,3,3
Guagua,5.9303,10.4662,6.3643,13.4154,2,2,3,3,3,3,3,3
Gubat,4.5443,9.067,5.3455,12.7114,1,1,1,1,1,1,1,1
Guiguinto (BU),7.1726,10.2214,6.3817,13.4935,2,2,3,3,3,3,5,5
Guihulngan,4.2329,6.5749,6.6348,12.162,1,1,2,2,2,2,2,2
Guimba,4.1342,9.3074,6.0064,13.3535,2,2,3,3,3,3,3,3
Guimbal,6.9222,9.9284,6.8236,12.859,2,2,3,3,3,3,5,5
Guinayangan,4.7101,9.1194,5.3315,13.9941,1,1,1,1,1,1,1,1
Guindulman,5.4963,9.1838,5.4317,12.8922,2,2,3,3,3,3,3,3
Guindulungan,3.1125,8.2252,5.5647,12.8497,1,1,1,1,1,1,1,1
Guinobatan,2.61,9.3324,4.2631,12.8363,1,1,1,1,1,1,1,1
Guinsiliban,4.555,10.3829,6.9273,14.1538,2,2,3,3,3,3,3,3
Guipos,5.6037,7.9747,3.0778,13.4082,1,1,2,4,4,4,4,4
Guiuan,5.5239,7.3374,5.7042,12.0693,1,1,2,2,2,5,6,6
Gumaca,4.1929,9.3335,5.8811,14.5999,2,2,3,3,3,3,3,3
Gutalac,4.8487,8.6463,3.0873,14.1495,1,1,2,4,4,4,4,4
Hadji Panglima Tahil,3.3833,0,0.0235,0,3,3,4,5,7,8,9,10
Hagonoy (BU),4.8186,6.8351,5.764,13.0713,1,1,2,2,2,2,2,2
Hagonoy (DS),7.4671,11.4491,6.6901,14.3032,2,2,3,3,3,3,5,5
Hamtic,2.8718,3.7743,0.3566,9.2812,3,3,4,5,5,6,7,9
Hermosa,5.0382,8.9146,5.7918,12.0104,1,1,1,1,1,1,1,1
Hernani,5.5607,5.8266,5.6462,11.6916,1,1,2,2,2,5,6,6
Hilongos,5.1864,9.1331,5.1907,11.4255,1,1,1,1,1,1,1,1
Himamaylan,3.5377,7.3994,5.6227,13.3052,1,1,2,2,2,2,2,2
Hinabangan,2.7863,7.7829,4.7291,12.3831,1,1,2,2,2,2,2,2
Hinatuan,4.7102,8.5883,5.5171,13.3536,1,1,1,1,1,1,1,1
Hindang,6.9844,9.9,5.5535,14.2841,2,2,3,3,3,3,3,3
Hingyon,3.1314,6.3043,4.0536,10.5561,1,1,2,4,4,4,4,4
Hinigaran,3.3817,6.3417,5.0733,11.324,1,1,2,2,2,2,2,2
Hinobaan,3.7933,8.7415,5.4647,11.5139,1,1,1,1,1,1,1,1
Hinunangan,5.6282,8.9983,2.8855,13.5075,1,1,2,4,4,4,4,4
Hinundayan,6.7753,8.2623,6.5083,12.9873,2,2,3,3,3,3,3,3
Hungduan,3.854,8.4403,3.9587,13.241,1,1,2,4,4,4,4,4
Iba,4.0409,8.1021,4.7527,12.2983,1,1,1,1,1,1,1,1
Ibaan,4.7549,8.5221,5.4087,9.9403,3,3,4,5,5,6,7,7
Ibajay,5.9535,8.7092,4.4586,9.5631,3,3,4,5,5,6,7,7
Igacos,5.0228,9.5076,6.9214,13.9025,2,2,3,3,3,3,5,5
Igbaras,4.812,8.8121,4.971,13.5569,1,1,1,1,1,1,1,1
Iguig,4.471,9.1889,5.8082,13.475,1,1,1,1,1,1,1,1
Ilagan,3.7981,11.9185,6.7203,13.2528,2,2,3,3,3,3,3,3
Iligan,4.3923,8.2723,4.5878,13.5736,1,1,2,4,4,4,4,4
Ilog,3.5973,3.2849,5.115,12.4408,1,1,2,2,2,2,2,2
Iloilo,5.6429,12.0981,6.56,13.2081,2,2,3,3,3,3,3,3
Imelda,6.3463,8.6641,5.6129,13.0544,1,1,2,2,2,5,6,6
Impasug-Ong,4.5829,8.9015,5.0991,13.5557,1,1,1,1,1,1,1,1
Imus,9.5982,11.3073,9.0919,14.2925,2,4,5,6,6,7,8,8
Inabanga,6.0835,8.8318,5.2983,12.2153,1,1,2,2,2,5,6,6
Indanan,3.6548,6.5072,0.081,0.2719,3,3,4,5,7,8,9,10
Indang,4.5286,8.641,5.574,12.8827,1,1,1,1,1,1,1,1
Infanta (PS),5.2285,9.8067,5.3045,13.6759,2,2,3,3,3,3,3,3
Infanta (QN),4.4443,9.7518,5.4278,13.4293,1,1,1,1,1,1,1,1
Initao,7.1132,9.7378,7.144,13.5534,2,2,3,3,3,3,5,5
Inopacan,5.7115,7.919,5.1264,13.5456,1,1,2,2,2,5,6,6
Ipil,5.6037,8.5637,5.6444,11.6573,1,1,1,1,1,1,1,1
Iriga,4.7163,11.0844,8.0991,14.4298,2,2,3,3,3,3,5,5
Irosin,4.2745,8.4054,4.6829,11.4211,1,1,1,1,1,1,1,1
Isabel,4.8489,5.1471,5.3274,11.8772,1,1,2,2,2,2,2,2
Isabela (BAS),4.9541,8.938,5.5608,13.3307,1,1,1,1,1,1,1,1
Isabela (NO),3.804,6.4948,4.9665,12.3381,1,1,2,2,2,2,2,2
Isulan,6.9998,11.628,7.4089,14.5605,2,2,3,3,3,3,5,5
Itbayat,3.1513,8.2023,5.1124,12.9538,1,1,1,1,1,1,1,1
Itogon,5.3283,7.0281,5.2414,13.5843,1,1,2,2,2,5,6,6
Ivana,1.9735,1.4354,4.6103,12.8058,1,1,2,2,2,2,2,2
Ivisan,5.5305,9.918,6.0292,14.6191,2,2,3,3,3,3,3,3
Jabonga,5.487,7.2774,5.5746,11.3491,1,1,2,2,2,5,6,6
Jaen,3.3289,9.6018,4.9977,13.0846,1,1,1,1,1,1,1,1
Jagna,10.1851,10.2038,7.5217,13.5611,2,4,5,6,6,7,8,8
Jalajala,4.4434,9.4536,5.7057,13.298400000000001,1,1,1,1,1,1,1,1
Jamindan,4.2685,8.7209,5.6026,12.5323,1,1,1,1,1,1,1,1
Janiuay,4.6106,9.8585,4.9575,13.4374,1,1,1,1,1,1,1,1
Jaro,5.3403,7.9257,4.8619,11.5432,1,1,2,2,2,2,2,2
Jasaan,4.8432,9.4298,5.1774,13.3772,1,1,1,1,1,1,1,1
Javier,4.4755,9.8925,5.0528,13.4438,1,1,1,1,1,1,1,1
Jiabong,3.9964,8.0826,6.4202,13.6059,1,1,1,1,1,1,1,1
Jimalalud,5.0157,6.5523,4.6537,10.9161,1,1,2,2,2,2,2,2
Jimenez,6.1548,10.158,5.9839,11.6545,2,2,3,3,3,3,3,3
Jipapad,5.5836,6.4372,4.7109,9.9081,3,3,4,5,5,6,7,7
Jolo,4.3834,0.707,0.1982,4.0037,3,3,4,5,7,8,9,10
Jomalig,4.2253,6.8746,4.7112,11.3561,1,1,2,2,2,2,2,2
Jones,2.7543,9.3135,4.728,12.7788,1,1,1,1,1,1,1,1
Jordan,6.8348,9.0811,6.9049,11.866,2,2,3,3,3,3,3,3
Jose Abad Santos,4.4411,6.522,4.1362,12.6117,1,1,2,2,2,2,2,2
Jose Dalman,5.961,7.9873,5.8018,14.1971,1,1,2,2,2,5,6,6
Jose Panganiban,2.5446,7.988,4.1281,12.8663,1,1,2,4,4,4,4,4
Josefina,5.6107,7.543,5.1369,12.2961,1,1,2,2,2,5,6,6
Jovellar,2.3097,8.2705,3.9872,11.7853,1,1,2,4,4,4,4,4
Juban,2.4621,6.3533,1.2546,10.1077,3,3,4,5,5,6,7,9
Julita,5.8928,8.5825,5.7124,12.8418,1,1,2,2,2,5,6,6
Kabacan,5.4125,11.3749,7.4646,15.3936,2,2,3,3,3,3,5,5
Kabankalan,4.562,9.8264,6.476,13.8422,2,2,3,3,3,3,3,3
Kabasalan,4.2876,5.4778,4.7905,11.5236,1,1,2,2,2,2,2,2
Kabayan,5.2393,7.9793,5.8546,11.4697,1,1,2,2,2,5,6,6
Kabugao,3.9295,6.7272,4.6421,13.0006,1,1,2,2,2,2,2,2
Kabuntalan,3.088,7.0179,6.1412,13.8142,1,1,2,2,2,2,2,2
Kadingilan,4.683,8.8603,4.7982,13.5963,1,1,1,1,1,1,1,1
Kalamansig,4.6407,9.0937,5.3899,13.2718,1,1,1,1,1,1,1,1
Kalawit,5.402,6.6388,4.9028,13.5614,1,1,2,2,2,5,6,6
Kalayaan (LA),4.2872,9.3362,5.4553,13.4095,1,1,1,1,1,1,1,1
Kalayaan (PN),4.0751,4.4143,3.5767,12.07,1,1,2,2,2,2,2,2
Kalibo,6.7799,11.492,7.2797,12.1647,2,2,3,3,3,3,5,5
Kalilangan,4.2279,9.0399,4.8991,12.7347,1,1,1,1,1,1,1,1
Kalingalan Caluang,3.3833,0,0.0601,0,3,3,4,5,7,8,9,10
Kananga,5.2103,8.9178,5.2205,12.0158,1,1,1,1,1,1,1,1
Kapalong,6.2676,10.1367,5.5917,13.574,2,2,3,3,3,3,3,3
Kapangan,4.9951,8.7128,4.7873,12.6126,1,1,1,1,1,1,1,1
Kapatagan (LN),4.465,9.5538,5.7646,13.7737,2,2,3,3,3,3,3,3
Kapatagan (LS),3.7042,9.5566,3.5466,13.4036,1,1,2,4,4,4,4,4
Kasibu,4.9895,10.0809,5.714,13.8621,2,2,3,3,3,3,3,3
Katipunan,4.3867,7.8647,4.643,11.7416,1,1,2,2,2,2,2,2
Kauswagan,7.7965,11.5272,7.9614,15.1718,2,2,3,3,3,3,5,5
Kawayan,7.1775,10.5258,6.3419,9.7102,2,2,3,3,3,3,3,3
Kawit,5.8361,9.85,6.2561,13.2792,2,2,3,3,3,3,3,3
Kayapa,3.4772,4.8171,5.3504,9.6995,1,1,2,2,2,2,2,2
Kiamba,4.2973,10.0137,5.8541,13.9718,2,2,3,3,3,3,3,3
Kiangan,4.5733,9.536,5.5636,12.518,1,1,1,1,1,1,1,1
Kibawe,4.3544,8.1919,5.06,11.9298,1,1,1,1,1,1,1,1
Kiblawan,4.4491,7.9072,4.9754,12.7941,1,1,1,1,1,1,1,1
Kibungan,4.3052,9.167,4.7162,13.9101,1,1,1,1,1,1,1,1
Kidapawan,5.1287,9.6277,7.8922,13.7194,2,2,3,3,3,3,5,5
Kinoguitan,4.4065,9.162,6.385,11.8688,1,1,1,1,1,1,1,1
Kitaotao,4.6527,9.2415,4.5078,13.4437,1,1,1,1,1,1,1,1
Kitcharao,8.0692,8.8352,5.296,12.9887,2,2,3,3,3,3,3,3
Kolambugan,5.1959,11.114,6.5992,13.6207,2,2,3,3,3,3,3,3
Koronadal,6.7253,10.8144,6.703,15.6725,2,2,3,3,3,3,5,5
Kumalarang,4.8498,7.2569,5.1014,12.9259,1,1,2,2,2,2,2,2
La Carlota,4.1634,9.2349,6.0114,13.6393,2,2,3,3,3,3,3,3
La Castellana,4.0912,7.9528,4.8328,11.2389,1,1,2,2,2,2,2,2
La Libertad (NR),5.2597,8.5771,4.9162,12.2327,1,1,1,1,1,1,1,1
La Libertad (ZN),6.0332,6.593,5.4657,13.1197,1,1,2,2,2,5,6,6
La Paz (AA),5.7785,9.5423,5.9704,12.8672,2,2,3,3,3,3,3,3
La Paz (AS),4.3251,8.8563,4.7863,9.8426,3,3,4,5,5,6,7,7
La Paz (LE),4.542,6.5946,6.1639,12.902,1,1,2,2,2,2,2,2
La Paz (TC),2.3662,6.6266,1.1099,8.5538,3,3,4,5,5,6,7,9
La Trinidad,8.8599,10.8515,5.8911,14.159,2,2,3,3,3,3,3,3
Laak,5.4765,9.7956,7.5773,13.5586,2,2,3,3,3,3,5,5
Labangan,6.4824,8.3994,4.7714,12.683,1,1,2,2,2,5,6,6
Labason,6.7663,10.1979,6.1704,13.3648,2,2,3,3,3,3,3,3
Labo,3.3124,8.4667,4.1445,11.2128,1,1,2,4,4,4,4,4
Labrador,4.5651,9.5231,5.4517,12.7517,1,1,1,1,1,1,1,1
Lacub,4.1597,9.5267,4.8071,12.8195,1,1,1,1,1,1,1,1
Lagangilang,5.8366,9.976,4.5703,11.0033,1,1,1,1,1,1,1,1
Lagawe,5.5014,9.5873,6.3604,12.7035,2,2,3,3,3,3,3,3
Lagonglong,5.4473,8.7926,5.711,13.3013,2,2,3,3,3,3,3,3
Lagonoy,2.5707,8.8548,4.704,12.7376,1,1,1,1,1,1,1,1
Laguindingan,5.9036,9.5658,6.0988,13.8635,2,2,3,3,3,3,3,3
Lake Sebu,4.8159,9.3498,6.0771,12.236,1,1,1,1,1,1,1,1
Lakewood,5.6916,9.2809,4.7808,12.6731,1,1,1,1,1,1,1,1
Lala,4.7604,10.032,5.6156,13.3996,2,2,3,3,3,3,3,3
Lallo,3.862,8.9068,5.7136,13.2124,1,1,1,1,1,1,1,1
Lambayong,4.9436,9.6675,5.5394,13.6038,2,2,3,3,3,3,3,3
Lambunao,4.5935,9.6627,5.6184,13.3235,2,2,3,3,3,3,3,3
Lamitan,4.5415,8.9138,4.7791,11.9962,1,1,1,1,1,1,1,1
Lamut,6.4539,13.4206,7.2662,14.974,2,2,3,3,3,3,5,5
Langiden,3.9524,5.8739,4.6378,9.9569,1,1,2,2,2,2,2,2
Languyan,3.6844,8.542,3.1278,9.7069,1,1,2,4,4,4,4,4
Lantapan,4.9446,8.5761,4.4499,12.9324,1,1,1,1,1,1,1,1
Lantawan,3.0792,4.3354,4.5032,11.1983,1,1,2,2,2,2,2,2
Lanuza,4.904,8.345,3.7173,13.5521,1,1,2,4,4,4,4,4
Laoac,5.1182,10.0505,5.4191,13.4622,2,2,3,3,3,3,3,3
Laoag,5.9092,10.8505,7.8471,13.8612,2,2,3,3,3,3,5,5
Laoang,3.1939,7.3458,4.0444,12.8583,1,1,2,4,4,4,4,4
Lapinig,3.3197,7.9809,4.2868,11.7241,1,1,2,4,4,4,4,4
Lapu Lapu,5.9141,8.7885,5.1227,12.1569,1,1,2,2,2,5,6,6
Lapuyan,5.2397,9.0712,4.517,13.4377,1,1,1,1,1,1,1,1
Larena,6.2862,8.2341,7.5944,13.423400000000001,1,1,2,2,2,5,6,6
Las Navas,4.0448,7.2693,4.7268,10.8174,1,1,2,2,2,2,2,2
Las Nieves,4.6345,8.9408,5.2666,13.3278,1,1,1,1,1,1,1,1
Las Pinas,3.8473,9.7388,5.1343,13.4617,1,1,1,1,1,1,1,1
Lasam,5.7442,9.7534,4.5031,13.5181,1,1,1,1,1,1,1,1
Laua-An,4.4087,9.5151,5.5206,11.78,1,1,1,1,1,1,1,1
Laur,3.8923,5.641,5.9177,6.2531,3,3,4,5,5,6,7,7
Laurel,4.6219,8.0482,5.5047,13.4946,1,1,1,1,1,1,1,1
Lavezares,4.8263,8.5075,5.6555,13.2516,1,1,1,1,1,1,1,1
Lawaan,6.5088,5.9945,4.9601,12.1075,1,1,2,2,2,5,6,6
Lazi,5.0561,9.2427,5.5619,12.8319,2,2,3,3,3,3,3,3
Lebak,5.3147,10.1114,5.8685,13.7306,2,2,3,3,3,3,3,3
Leganes,5.8639,10.173,6.0671,13.236,2,2,3,3,3,3,3,3
Legazpi,8.6459,11.8686,11.4323,14.9775,2,4,5,6,6,7,8,8
Lemery (BS),5.4288,10.669,6.3237,12.1287,2,2,3,3,3,3,3,3
Lemery (IO),4.5569,9.3798,4.3209,12.6355,1,1,1,1,1,1,1,1
Leon,4.6068,8.516,5.2755,13.4038,1,1,1,1,1,1,1,1
Leyte,4.8289,7.8138,4.6419,13.4115,1,1,2,2,2,2,2,2
Lezo,4.6035,9.5926,5.3544,13.3925,1,1,1,1,1,1,1,1
Lian,6.1976,5.9443,5.8065,13.0559,1,1,2,2,2,5,6,6
Lianga,5.5538,7.908,4.9607,9.0802,3,3,4,5,5,6,7,7
Libacao,3.8774,6.6369,3.2469,12.7551,1,1,2,4,4,4,4,4
Libagon,5.7206,6.7417,4.2701,13.627,1,1,2,2,2,5,6,6
Libertad (AE),6.4331,10.7991,5.597,12.3152,2,2,3,3,3,3,3,3
Libertad (MO),5.6314,9.8593,5.2649,13.6305,2,2,3,3,3,3,3,3
Libjo,4.5007,8.06,5.3932,11.9536,1,1,1,1,1,1,1,1
Libmanan,3.2666,6.4884,5.3464,11.262,1,1,2,2,2,2,2,2
Libon,2.5083,8.0684,5.2453,12.7743,1,1,2,2,2,2,2,2
Libona,4.7411,8.9803,4.3557,13.401,1,1,2,4,4,4,4,4
Libungan,3.6194,8.7288,5.3179,12.2182,1,1,1,1,1,1,1,1
Licab,3.5211,9.2449,5.5614,12.7932,1,1,1,1,1,1,1,1
Licuan-Baay,4.2257,7.358,4.6148,12.7669,1,1,2,2,2,2,2,2
Lidlidda,4.3962,9.452,5.23,13.5398,1,1,1,1,1,1,1,1
Ligao,3.1842,10.2084,6.8882,14.934,2,2,3,3,3,3,3,3
Lila,5.7792,9.561,6.8382,13.0613,2,2,3,3,3,3,5,5
Liliw,6.0532,7.8545,6.5574,13.4719,1,1,2,2,2,5,6,6
Liloan (CU),6.5552,9.1342,5.8498,14.0105,2,2,3,3,3,3,3,3
Liloan (SL),5.3637,9.6757,5.502,13.0667,2,2,3,3,3,3,3,3
Liloy,8.8435,9.7902,5.8734,13.8482,2,2,3,3,3,3,3,3
Limasawa,3.915,6.5958,3.2987,13.4563,1,1,2,4,4,4,4,4
Limay,6.4965,9.4749,5.5756,13.2965,2,2,3,3,3,3,3,3
Linamon,5.2549,10.4932,7.2762,13.9525,2,2,3,3,3,3,5,5
Linapacan,3.0497,5.346,2.907,12.9375,1,1,2,4,4,4,4,4
Lingayen,5.4283,11.1306,7.3139,13.54,2,2,3,3,3,3,5,5
Lingig,4.7189,7.6862,5.0869,11.6153,1,1,1,1,1,1,1,1
Lipa,9.2866,11.0029,7.5025,12.0672,2,2,3,3,3,3,5,5
Llanera,4.81,10.0613,5.3207,13.7898,1,1,1,1,1,1,1,1
Llorente,3.7664,4.6739,4.0895,6.525,3,3,4,5,5,6,7,7
Loay,6.0929,10.0139,7.0096,11.929,2,2,3,3,3,3,3,3
Lobo,5.4654,8.502,5.4534,12.167,1,1,2,2,2,5,6,6
Loboc,5.7989,9.2792,5.9457,13.4224,2,2,3,3,3,3,3,3
Looc (OM),7.6192,9.3789,7.9087,13.8599,2,2,3,3,3,3,5,5
Looc (RN),4.662,6.9201,5.9289,13.0064,1,1,2,2,2,2,2,2
Loon,5.447,9.0023,5.6086,12.0732,1,1,2,2,2,5,6,6
Lope De Vega,3.7208,6.9255,4.7377,9.4792,3,3,4,5,5,6,7,7
Lopez,4.5764,9.8207,4.9279,9.4845,3,3,4,5,5,6,7,7
Lopez Jaena,3.6215,4.137,4.6195,12.239,1,1,2,2,2,2,2,2
Loreto (AS),4.3642,8.9472,4.6329,13.3727,1,1,1,1,1,1,1,1
Loreto (DI),4.1078,7.294,4.5797,12.6996,1,1,2,2,2,2,2,2
Los Banos,6.315,8.0205,7.2789,11.8623,2,2,3,3,3,3,3,3
Luba,4.4042,8.5575,5.1687,11.2698,1,1,1,1,1,1,1,1
Lubang,3.8977,5.3608,4.4075,11.5736,1,1,2,2,2,2,2,2
Lubao,5.6262,10.0375,5.9032,13.4021,2,2,3,3,3,3,3,3
Lubuagan,4.2481,7.125,4.9406,12.3384,1,1,2,2,2,2,2,2
Lucban,4.7199,9.6794,5.5491,13.2837,2,2,3,3,3,3,3,3
Lucena,3.2438,5.7905,3.9194,13.6189,1,1,2,4,4,4,4,4
Lugait,4.7411,9.7569,5.1349,13.365,1,1,1,1,1,1,1,1
Luisiana,4.4287,6.6524,4.682,13.2401,1,1,2,2,2,2,2,2
Lumba-Bayabao,2.5836,6.0167,0.3143,12.4889,3,3,4,5,5,6,7,9
Lumban,4.8764,7.916,5.7132,12.3514,1,1,2,2,2,5,6,6
Lumbatan,2.839,8.1349,0.8348,12.2755,1,1,2,4,4,4,4,4
Lumbayanague,3.5925,2.9407,3.3235,10.2308,1,1,2,2,2,2,2,2
Luna (AO),4.2531,9.3546,3.9222,13.1505,1,1,2,4,4,4,4,4
Luna (IA),5.5945,10.4028,6.3464,13.556,2,2,3,3,3,3,3,3
Luna (LU),6.2242,9.553,4.3911,14.0452,1,1,1,1,1,1,1,1
Lupao,4.9392,9.6429,5.5685,12.3375,1,1,1,1,1,1,1,1
Lupi,3.1017,8.3182,3.6095,12.6072,1,1,2,4,4,4,4,4
Lupon,5.0048,9.9451,5.5352,13.4664,2,2,3,3,3,3,3,3
Lutayan,4.4004,8.9391,5.0905,13.3583,1,1,1,1,1,1,1,1
Ma-Ayon,4.5166,9.2435,5.1225,12.7601,1,1,1,1,1,1,1,1
Maasim,5.2132,9.6573,6.1815,14.2173,2,2,3,3,3,3,3,3
Maasin (IO),5.3118,7.3612,5.5679,13.3789,1,1,2,2,2,5,6,6
Maasin (SL),4.4286,7.77,5.341,13.8536,1,1,1,1,1,1,1,1
Mabalacat,4.8698,10.1098,8.2031,12.3885,2,2,3,3,3,3,5,5
Mabinay,4.9053,8.2015,4.7183,12.3235,1,1,1,1,1,1,1,1
Mabini (BL),5.1145,6.4168,5.2043,9.1992,3,3,4,5,5,6,7,7
Mabini (BS),4.3696,7.2754,5.5871,13.3849,1,1,1,1,1,1,1,1
Mabini (CV),5.029,8.6283,5.3724,13.3566,1,1,1,1,1,1,1,1
Mabini (PS),4.5891,6.9035,5.1493,12.1587,1,1,2,2,2,2,2,2
Mabitac,4.8882,9.0335,6.1484,13.7524,1,1,1,1,1,1,1,1
Mabuhay,4.1691,6.5644,5.4156,13.0922,1,1,2,2,2,2,2,2
Macabebe,3.4143,9.4291,5.4406,13.4163,1,1,1,1,1,1,1,1
Macalelon,4.1143,5.0558,4.2717,12.249,1,1,2,2,2,2,2,2
Macarthur,5.8848,9.2732,5.2338,13.5716,2,2,3,3,3,3,3,3
Maco,5.8624,10.238,6.9053,13.4648,2,2,3,3,3,3,5,5
Maconacon,2.5516,8.2047,3.735,13.3603,1,1,2,4,4,4,4,4
Macrohon,3.7745,9.5512,3.5783,12.4782,1,1,2,4,4,4,4,4
Madalag,3.3289,6.4379,2.5577,12.7794,1,1,2,4,4,4,4,4
Madalum,4.1196,7.6387,3.097,11.1773,1,1,2,4,4,4,4,4
Madamba,4.1218,9.4046,2.3536,11.3757,1,1,2,4,4,4,4,4
Maddela,4.4822,9.3807,5.7678,12.9408,1,1,1,1,1,1,1,1
Madrid,5.5908,9.2872,5.5576,13.2415,2,2,3,3,3,3,3,3
Madridejos,6.0877,9.4631,5.4785,12.9735,2,2,3,3,3,3,3,3
Magalang,4.3846,8.1913,5.866,13.2256,1,1,1,1,1,1,1,1
Magallanes (AN),7.4062,7.8685,5.6783,12.2525,1,1,2,2,2,5,6,6
Magallanes (CE),3.9865,11.2646,4.5581,12.2761,1,1,1,1,1,1,1,1
Magallanes (SO),3.3561,8.8256,3.7817,11.5706,1,1,2,4,4,4,4,4
Magarao,1.783,6.4649,3.0498,12.6237,1,1,2,4,4,4,4,4
Magdalena,4.7964,8.1174,5.8136,13.4378,1,1,1,1,1,1,1,1
Magdiwang,5.0666,6.3886,1.6212,12.9291,1,1,2,4,4,4,4,4
Magpet,3.4168,9.3,5.2521,13.3587,1,1,1,1,1,1,1,1
Magsaysay (DS),6.1657,11.6203,7.0361,14.7443,2,2,3,3,3,3,5,5
Magsaysay (LN),4.299,10.2192,6.73,13.1532,2,2,3,3,3,3,3,3
Magsaysay (MO),4.4628,9.7445,5.0769,13.3846,1,1,1,1,1,1,1,1
Magsaysay (OM),3.6824,6.7534,4.2405,13.5355,1,1,2,4,4,4,4,4
Magsaysay (PN),5.509,6.0469,5.349,11.6214,1,1,2,2,2,5,6,6
Magsingal,6.1598,9.6959,5.9407,14.06,2,2,3,3,3,3,3,3
Maguing,3.4298,6.259,2.3817,6.5032,3,3,4,5,5,6,7,7
Mahaplag,5.2683,9.0703,4.6348,13.4724,1,1,1,1,1,1,1,1
Mahatao,2.1799,6.4564,5.9128,11.9794,1,1,2,2,2,2,2,2
Mahayag,5.9981,8.0636,6.0475,12.7118,1,1,2,2,2,5,6,6
Mahinog,7.2415,12.122,7.6898,15.286,2,2,3,3,3,3,5,5
Maigo,4.3402,8.9739,5.4732,13.4486,1,1,1,1,1,1,1,1
Mainit,4.8659,9.8196,5.9688,13.3337,2,2,3,3,3,3,3,3
Maitum,4.3821,9.1502,5.6493,13.7815,2,2,3,3,3,3,3,3
Majayjay,3.8066,8.5704,3.6897,9.4948,1,1,2,4,4,4,4,4
Makati,9.8496,12.0829,9.4636,15.3189,2,4,5,6,6,7,8,8
Makato,4.1478,9.4333,5.1266,12.1115,1,1,1,1,1,1,1,1
Makilala,4.792,9.5625,5.9605,13.6223,2,2,3,3,3,3,3,3
Malabang,3.7211,5.2882,0.5066,11.5408,3,3,4,5,5,6,7,9
Malabon,3.4119,9.1112,5.3166,13.965,1,1,1,1,1,1,1,1
Malabuyoc,5.6275,6.3387,5.9671,13.4691,1,1,2,2,2,5,6,6
Malalag,4.7967,9.4192,5.5468,13.4488,2,2,3,3,3,3,3,3
Malangas,4.5802,6.9007,4.769,12.6634,1,1,2,2,2,2,2,2
Malapatan,4.3958,9.1206,5.7185,14.1085,2,2,3,3,3,3,3,3
Malasiqui,5.5752,10.6733,5.7074,13.4761,2,2,3,3,3,3,3,3
Malay,6.0464,9.6855,9.5801,13.0477,2,2,3,3,3,3,5,5
Malaybalay,6.3428,9.5005,5.5018,12.9557,2,2,3,3,3,3,3,3
Malibcong,4.4844,9.1251,4.5382,13.6052,1,1,1,1,1,1,1,1
Malilipot,2.7099,5.8016,1.9706,12.2853,1,1,2,4,4,4,4,4
Malimono,6.0081,10.2261,6.8133,13.353,2,2,3,3,3,3,5,5
Malinao (AK),4.8191,8.9612,5.3736,13.3861,1,1,1,1,1,1,1,1
Malinao (AY),2.7274,9.5669,4.9093,13.0843,1,1,1,1,1,1,1,1
Malita,6.5372,10.2506,5.8705,13.2969,2,2,3,3,3,3,3,3
Malitbog (BK),4.3212,6.9877,4.5805,12.6546,1,1,2,2,2,2,2,2
Malitbog (SL),4.3924,6.837,3.5397,12.2512,1,1,2,4,4,4,4,4
Mallig,3.3545,10.225,4.6596,13.4572,1,1,1,1,1,1,1,1
Malolos,7.005,10.0308,7.7326,13.613,2,2,3,3,3,3,5,5
Malungon,4.8118,10.0472,6.4787,14.8125,2,2,3,3,3,3,3,3
Maluso,5.8467,7.5982,4.7384,14.1342,1,1,2,2,2,5,6,6
Malvar,5.1439,6.8556,5.7393,13.4461,1,1,2,2,2,5,6,6
Mamasapano,3.4365,9.601,5.3392,11.8225,1,1,1,1,1,1,1,1
Mambajao,9.506,12.1896,7.2553,14.246,2,2,3,3,3,3,5,5
Mamburao,3.5595,6.7298,5.5202,12.7866,1,1,2,2,2,2,2,2
Mambusao,6.3313,6.7748,5.3113,11.9998,1,1,2,2,2,5,6,6
Manabo,5.5634,9.3521,5.9779,12.805,2,2,3,3,3,3,3,3
Manaoag,5.0538,9.3742,5.5406,13.4767,2,2,3,3,3,3,3,3
Manapla,3.6572,6.8903,4.9472,12.089,1,1,2,2,2,2,2,2
Manay,4.571,9.858,5.3459,12.1587,1,1,1,1,1,1,1,1
Mandaluyong,4.2886,9.5795,6.0476,13.6712,2,2,3,3,3,3,3,3
Mandaon,4.9232,7.3346,3.6913,13.503,1,1,2,4,4,4,4,4
Mandaue,9.657,7.8819,6.8151,14.1529,2,2,3,3,3,3,3,3
Mangaldan,6.1242,10.5603,5.9105,13.5759,2,2,3,3,3,3,3,3
Mangatarem,5.0083,10.8507,5.4599,12.9604,2,2,3,3,3,3,3,3
Mangudadatu,3.6751,5.6871,4.8176,10.3839,1,1,2,2,2,2,2,2
Manila,8.8802,18.6228,15.553,15.7704,2,4,5,6,6,7,8,8
Manito,3.6596,8.7022,5.1631,11.2974,1,1,1,1,1,1,1,1
Manjuyod,4.5628,3.9447,5.045,13.2143,1,1,2,2,2,2,2,2
Mankayan,4.8121,7.3683,4.7454,12.6311,1,1,2,2,2,2,2,2
Manolo Fortich,7.2487,9.8101,6.215,12.4777,2,2,3,3,3,3,3,3
Mansalay,4.0085,6.4757,5.1102,11.0506,1,1,2,2,2,2,2,2
Manticao,5.0551,8.9406,6.1116,12.1766,1,1,1,1,1,1,1,1
Manukan,5.5924,8.9573,5.5624,13.3523,2,2,3,3,3,3,3,3
Mapanas,3.3121,9.9855,2.2238,10.2739,1,1,2,4,4,4,4,4
Mapandan,4.8815,6.6433,5.6399,12.8254,1,1,2,2,2,2,2,2
Mapun,3.7723,5.7788,4.2198,11.5014,1,1,2,2,2,2,2,2
Marabut,4.1767,9.7078,5.8447,9.3096,3,3,4,5,5,6,7,7
Maragondon,5.6701,7.1829,6.0761,12.1154,1,1,2,2,2,5,6,6
Maragusan,6.0362,9.5998,6.8548,13.4216,2,2,3,3,3,3,5,5
Maramag,5.9183,10.643,6.4337,12.236,2,2,3,3,3,3,3,3
Marantao,2.5553,7.8669,2.6055,13.3395,1,1,2,4,4,4,4,4
Marawi,3.9272,8.6826,5.5791,12.7106,1,1,1,1,1,1,1,1
Marcos,4.5541,9.2298,5.3956,12.9431,1,1,1,1,1,1,1,1
Margosatubig,5.13,9.583,5.5761,12.6454,2,2,3,3,3,3,3,3
Maria,5.8288,8.0567,5.8441,13.2473,1,1,2,2,2,5,6,6
Maria Aurora,4.2847,9.3386,4.7445,12.9862,1,1,1,1,1,1,1,1
Maribojoc,5.9456,9.9744,5.6016,13.423,2,2,3,3,3,3,3,3
Marihatag,5.3257,8.9581,4.1899,13.4356,1,1,1,1,1,1,1,1
Marikina,4.4664,8.4513,5.5964,12.0295,1,1,1,1,1,1,1,1
Marilao,8.6214,9.5329,7.4598,13.2178,2,2,3,3,3,3,3,3
Maripipi,5.1486,8.3227,5.0121,12.432,1,1,1,1,1,1,1,1
Mariveles,5.346,10.4067,6.7982,12.1409,2,2,3,3,3,3,3,3
Marogong,2.5041,1.9535,0.1828,8.1327,3,3,4,5,5,6,7,9
Masantol,3.5821,9.2057,5.329,13.565,1,1,1,1,1,1,1,1
Masbate,4.4381,9.4973,6.5135,13.3,2,2,3,3,3,3,3,3
Masinloc,4.0724,9.3778,5.4305,13.3791,1,1,1,1,1,1,1,1
Masiu,5.1233,8.5864,2.9714,12.6222,1,1,2,4,4,4,4,4
Maslog,3.8935,5.6366,4.4067,12.298,1,1,2,2,2,2,2,2
Mataasnakahoy,6.0599,9.7327,6.1488,12.8603,2,2,3,3,3,3,3,3
Matag-Ob,5.3795,6.1886,3.6979,13.3076,1,1,2,2,2,2,2,2
Matalam,3.5305,10.2418,5.985,12.4646,1,1,1,1,1,1,1,1
Matalom,5.5045,7.1519,5.167,12.5868,1,1,2,2,2,5,6,6
Matanao,4.5847,9.3401,5.1723,11.9001,1,1,1,1,1,1,1,1
Matanog,3.6122,8.6472,5.1379,13.1808,1,1,1,1,1,1,1,1
Mati,4.8128,10.5059,7.4048,13.3943,2,2,3,3,3,3,5,5
Matnog,4.1776,6.3691,5.1324,11.2957,1,1,2,2,2,2,2,2
Matuguinao,3.6869,7.0363,4.9313,11.6409,1,1,2,2,2,2,2,2
Matungao,3.7617,9.3375,5.5307,14.2177,1,1,1,1,1,1,1,1
Mauban,4.6849,10.3252,5.2517,13.3786,1,1,1,1,1,1,1,1
Mawab,6.4855,10.3603,6.2097,13.614,2,2,3,3,3,3,3,3
Mayantoc,3.5021,9.2228,5.2219,13.5052,1,1,1,1,1,1,1,1
Maydolong,3.8924,6.8954,5.5048,10.5028,1,1,2,2,2,2,2,2
Mayorga,3.1655,8.8327,2.6338,10.7412,1,1,2,4,4,4,4,4
Mayoyao,3.9733,6.6928,4.7057,13.4786,1,1,2,2,2,2,2,2
Medellin,5.2124,8.4895,5.303,13.1766,1,1,1,1,1,1,1,1
Medina,6.8243,10.6773,6.0531,13.5542,2,2,3,3,3,3,3,3
Mendez,7.8749,9.7126,8.3548,13.1426,2,2,3,3,3,3,5,5
Mercedes,3.1081,8.9791,4.6861,15.7185,1,1,1,1,1,1,1,1
Mercedes (ES),4.6257,2.5223,1.1907,5.8483,3,3,4,5,7,8,9,10
Merida,6.0328,8.2331,5.1869,11.9523,1,1,2,2,2,5,6,6
Mexico,6.8072,9.8792,5.5641,12.1968,2,2,3,3,3,3,3,3
Meycauayan,6.1847,10.3154,6.9931,13.9006,2,2,3,3,3,3,5,5
Miag-ao,4.7326,8.9711,5.9349,13.4656,1,1,1,1,1,1,1,1
Midsalip,5.3543,7.8843,5.0389,13.3477,1,1,2,2,2,5,6,6
Midsayap,5.8484,11.6678,7.7011,14.0377,2,2,3,3,3,3,5,5
Milagros,4.1018,4.2231,3.4674,10.8267,1,1,2,2,2,2,2,2
Milaor,3.0047,6.9647,3.5573,12.2397,1,1,2,4,4,4,4,4
Mina,6.9175,11.3094,6.2454,13.9228,2,2,3,3,3,3,3,3
Minalabac,3.4289,8.7508,4.0793,9.4132,1,1,2,4,4,4,4,4
Minalin,5.0253,8.4529,5.4053,13.5425,1,1,1,1,1,1,1,1
Minglanilla,6.7442,5.7369,6.306,11.2953,1,1,2,2,2,5,6,6
Mlang,4.7498,10.396,6.5693,13.5166,2,2,3,3,3,3,3,3
Moalboal,7.9207,9.5383,5.1302,14.6895,2,2,3,3,3,3,3,3
Mobo,3.6324,7.4924,4.3068,13.3662,1,1,2,4,4,4,4,4
Mogpog,5.3822,9.3154,6.3842,12.9277,2,2,3,3,3,3,3,3
Moises Padilla,4.0829,7.7538,4.1929,13.1779,1,1,2,4,4,4,4,4
Molave,5.613,9.021,5.5274,12.3429,1,1,2,2,2,5,6,6
Moncada,2.7806,9.2175,4.7207,12.8613,1,1,1,1,1,1,1,1
Mondragon,3.6201,7.0108,4.6191,11.5857,1,1,2,2,2,2,2,2
Monkayo,5.7787,9.7139,6.5353,13.8077,2,2,3,3,3,3,5,5
Monreal,4.2227,6.3749,3.5751,7.4121,3,3,4,5,5,6,7,7
Montevista,7.2629,10.9072,6.234,13.9643,2,2,3,3,3,3,3,3
Morong (BN),4.043,6.8701,5.688,12.4072,1,1,2,2,2,2,2,2
Morong (RL),5.2698,9.7931,6.2203,13.5135,2,2,3,3,3,3,3,3
Motiong,3.6295,9.4602,4.3843,13.3629,1,1,2,4,4,4,4,4
Mulanay,4.3809,9.5827,4.9846,13.3336,1,1,1,1,1,1,1,1
Mulondo,2.7827,4.4596,5.0931,10.0137,1,1,2,2,2,2,2,2
Munai,4.0285,8.1794,4.6335,12.7552,1,1,1,1,1,1,1,1
Muntinlupa,5.5238,12.1172,9.6778,20.6845,2,4,5,6,6,7,8,8
Murcia,3.8707,6.4521,5.1407,12.0455,1,1,2,2,2,2,2,2
Mutia,6.0547,8.8657,6.791,13.772,2,2,3,3,3,3,5,5
Naawan,5.0089,9.368,5.9089,12.1401,1,1,1,1,1,1,1,1
Nabas,6.7045,9.9993,5.1854,13.0406,2,2,3,3,3,3,3,3
Nabua,2.6394,7.3146,5.4834,12.3934,1,1,2,2,2,2,2,2
Nabunturan,6.0349,10.4058,7.6117,12.9145,2,2,3,3,3,3,5,5
Naga (CS),10.7782,13.1018,13.3748,15.7672,2,4,5,6,6,7,8,8
Naga (CU),4.9118,8.3688,6.1073,12.8684,1,1,2,2,2,5,6,6
Naga (ZS),5.2035,8.8673,4.5438,12.6309,1,1,1,1,1,1,1,1
Nagbukel,4.8029,9.8769,5.3787,14.3788,1,1,1,1,1,1,1,1
Nagcarlan,5.1595,9.0294,5.3087,13.4144,2,2,3,3,3,3,3,3
Nagtipunan,4.017,9.2445,5.3748,13.4166,1,1,1,1,1,1,1,1
Naguilian (IA),4.0053,9.2363,4.6681,13.3735,1,1,1,1,1,1,1,1
Naguilian (LU),5.2025,10.1959,5.186,14.0258,1,1,1,1,1,1,1,1
Naic,5.732,9.1577,6.2861,13.5025,2,2,3,3,3,3,3,3
Nampicuan,4.8661,9.8765,5.4845,13.4309,2,2,3,3,3,3,3,3
Narra,5.5298,9.1872,5.7934,13.4771,2,2,3,3,3,3,3,3
Narvacan,4.4856,9.3921,5.5769,13.3796,1,1,1,1,1,1,1,1
Nasipit,7.023,9.7969,6.2377,13.7325,2,2,3,3,3,3,5,5
Nasugbu,5.3286,4.3444,5.8911,11.8993,1,1,2,2,2,2,2,2
Natividad,4.8123,9.7168,5.2408,14.1207,1,1,1,1,1,1,1,1
Natonin,4.4001,5.4029,5.0357,10.985900000000001,1,1,2,2,2,2,2,2
Naujan,4.6427,9.293,5.7459,13.7516,2,2,3,3,3,3,3,3
Naval,5.4886,8.8479,5.7841,11.5097,1,1,1,1,1,1,1,1
Navotas,3.2351,8.2709,4.9717,14.5174,1,1,1,1,1,1,1,1
New Bataan,6.4737,9.5727,5.0624,12.0681,2,2,3,3,3,3,3,3
New Corella,5.1988,8.2594,5.0227,13.3056,1,1,2,2,2,5,6,6
New Lucena,5.0181,9.4061,5.2698,12.7464,2,2,3,3,3,3,3,3
New Washington,5.7069,10.2667,6.588,13.4591,2,2,3,3,3,3,3,3
Norala,6.2846,10.3785,6.5936,14.0197,2,2,3,3,3,3,5,5
Northern Kabuntalan,2.9723,8.316,2.815,11.5896,1,1,2,4,4,4,4,4
Norzagaray,5.5293,9.9386,5.9844,13.4488,2,2,3,3,3,3,3,3
Noveleta,7.0645,9.3858,6.6001,13.6297,2,2,3,3,3,3,5,5
Nueva Era,3.9509,8.9131,5.5606,13.6814,1,1,1,1,1,1,1,1
Nueva Valencia,5.3471,8.5374,6.1053,12.195,1,1,1,1,1,1,1,1
Numancia,6.2398,10.1278,5.763,11.1768,2,2,3,3,3,3,3,3
Nunungan,3.0643,6.9892,3.9162,12.5383,1,1,2,4,4,4,4,4
Oas,2.3901,5.9404,4.9218,13.0645,1,1,2,2,2,2,2,2
Obando,4.9245,6.505,5.3509,12.128,1,1,2,2,2,2,2,2
Ocampo,1.8888,4.7708,4.624,11.6833,1,1,2,2,2,2,2,2
Odiongan,5.4269,10.9705,6.8075,13.4943,2,2,3,3,3,3,5,5
Olongapo,2.0845,9.2052,4.8647,13.4135,1,1,1,1,1,1,1,1
Olutanga,4.7246,6.9257,4.6795,11.3168,1,1,2,2,2,2,2,2
Omar,5.3561,6.2575,2.7139,13.0416,1,1,2,4,4,4,4,4
Opol,5.1199,9.1319,5.2823,13.3855,2,2,3,3,3,3,3,3
Orani,4.6508,8.9766,5.6831,12.1044,1,1,1,1,1,1,1,1
Orion,4.1006,9.2811,5.5774,13.5646,1,1,1,1,1,1,1,1
Ormoc,8.5981,10.0615,8.6112,13.9761,2,4,5,6,6,7,8,8
Oroquieta,3.7364,8.4837,6.6243,13.541,1,1,1,1,1,1,1,1
Oslob,6.1027,7.5189,5.5564,10.8566,1,1,2,2,2,5,6,6
Oton,5.6419,9.7055,5.5238,13.4968,2,2,3,3,3,3,3,3
Ozamiz,4.449,6.3595,7.2186,13.8791,1,1,2,2,2,5,6,6
Padada,6.1851,9.3262,6.82,13.305,2,2,3,3,3,3,5,5
Padre Burgos (QN),4.153,9.0345,4.776,8.6912,3,3,4,5,5,6,7,7
Padre Burgos (SL),6.233,8.4975,5.3382,12.8569,1,1,2,2,2,5,6,6
Padre Garcia,4.2582,7.6514,5.4331,13.0677,1,1,1,1,1,1,1,1
Paete,5.6626,8.9825,5.4755,12.6847,2,2,3,3,3,3,3,3
Pagadian,7.3418,9.9508,7.4468,12.8471,2,2,3,3,3,3,5,5
Pagagawan,2.8189,7.1688,5.1363,12.6652,1,1,2,2,2,2,2,2
Pagalungan,2.3875,7.7463,4.1147,11.2182,1,1,2,4,4,4,4,4
Pagayawan,3.7501,9.3526,2.4651,13.4673,1,1,2,4,4,4,4,4
Pagbilao,5.4937,8.7819,5.3562,13.4599,2,2,3,3,3,3,3,3
Paglat,3.7389,9.5159,5.2073,13.5651,1,1,1,1,1,1,1,1
Pagsanghan,3.1394,8.9711,4.6516,10.0651,3,3,4,5,5,6,7,7
Pagsanjan,6.2104,10.6121,7.2985,14.9709,2,2,3,3,3,3,5,5
Pagudpud,6.2294,10.926,6.7069,13.1002,2,2,3,3,3,3,3,3
Pakil,6.3312,10.8842,8.2764,12.8883,2,2,3,3,3,3,5,5
Palanan,2.3747,7.9795,3.1407,12.1127,1,1,2,4,4,4,4,4
Palanas,4.6737,7.0796,4.9502,9.0759,3,3,4,5,5,6,7,7
Palapag,4.0551,9.5815,5.6291,12.9737,1,1,1,1,1,1,1,1
Palauig,3.9551,6.1598,5.1682,13.3663,1,1,2,2,2,2,2,2
Palayan,2.3787,7.5963,4.3939,13.5809,1,1,2,4,4,4,4,4
Palimbang,4.6762,7.7259,3.1262,12.3328,1,1,2,4,4,4,4,4
Palo,6.397,10.2104,6.3022,13.5925,2,2,3,3,3,3,3,3
Palompon,5.3252,8.1036,5.6721,12.7278,1,1,2,2,2,5,6,6
Paluan,2.9134,6.3602,3.6294,13.4236,1,1,2,4,4,4,4,4
Pambujan,3.3483,6.9093,4.4308,8.3473,3,3,4,5,5,6,7,7
Pamplona (CG),3.8088,8.9879,4.5886,11.2971,1,1,2,4,4,4,4,4
Pamplona (CS),3.0822,9.6391,3.4051,12.43,1,1,2,4,4,4,4,4
Pamplona (NR),6.7433,4.3649,5.2975,12.1445,1,1,2,2,2,5,6,6
Panabo,6.5634,10.168,7.8837,14.7089,2,2,3,3,3,3,5,5
Panaon,4.7664,9.7331,6.2804,13.3447,2,2,3,3,3,3,3,3
Panay,5.8552,9.6897,5.6902,12.3077,2,2,3,3,3,3,3,3
Pandag,3.069,6.6689,5.1792,8.854,3,3,4,5,5,6,7,7
Pandan (AE),5.6579,10.3642,5.993,12.8018,2,2,3,3,3,3,3,3
Pandan (CT),3.5458,6.6173,4.7967,13.1713,1,1,2,2,2,2,2,2
Pandi,5.0722,8.9436,5.3346,13.4676,2,2,3,3,3,3,3,3
Panganiban,3.3975,6.8949,6.1123,12.8478,1,1,2,2,2,2,2,2
Pangantucan,4.8086,8.3145,5.4211,13.1416,1,1,1,1,1,1,1,1
Pangil,4.4333,9.3879,5.4058,13.5974,1,1,1,1,1,1,1,1
Panglao,12.0422,10.4259,8.3557,12.8561,2,4,5,6,6,7,8,8
Panglima Sugala,3.7907,8.2613,3.5239,13.336,1,1,2,4,4,4,4,4
Paniqui,4.2829,9.3323,5.6664,12.1018,1,1,1,1,1,1,1,1
Panitan,4.5817,5.8271,5.6991,11.4382,1,1,2,2,2,5,6,6
Pantabangan,3.3336,8.7489,5.0936,13.2926,1,1,1,1,1,1,1,1
Pantao Ragat,4.0706,8.7768,5.2517,13.4042,1,1,1,1,1,1,1,1
Pantar,3.809,8.6527,4.9129,12.5142,1,1,1,1,1,1,1,1
Pantukan,5.5576,10.0513,6.0349,13.3343,2,2,3,3,3,3,3,3
Panukulan,4.1158,7.8448,4.316,13.3223,1,1,2,4,4,4,4,4
Paoay,5.2008,10.8514,6.1018,14.651,2,2,3,3,3,3,3,3
Paombong,5.4003,7.6778,6.1132,12.8744,1,1,2,2,2,5,6,6
Paracale,2.9344,7.2088,3.2799,10.7621,1,1,2,4,4,4,4,4
Paracelis,4.3553,8.992,4.6991,13.4185,1,1,1,1,1,1,1,1
Paranaque,6.1745,9.7065,7.0256,14.0155,2,2,3,3,3,3,5,5
Paranas,3.5723,5.9242,5.9072,12.5723,1,1,2,2,2,2,2,2
Parang (MA),3.4372,8.4142,3.6212,12.1175,1,1,2,4,4,4,4,4
Pasacao,3.3108,8.5915,3.3719,9.7087,1,1,2,4,4,4,4,4
Pasay,13.6291,14.199,10.0948,14.8777,2,4,5,6,6,7,8,8
Pasig,9.1926,10.1388,7.5557,14.5967,2,4,5,6,6,7,8,8
Pasil,4.617,10.1966,5.0196,13.6459,1,1,1,1,1,1,1,1
Passi,4.735,9.3759,6.4074,13.624,1,1,1,1,1,1,1,1
Pastrana,4.4111,9.2923,4.9505,9.5118,3,3,4,5,5,6,7,7
Pasuquin,5.0673,10.4362,6.1959,13.9651,2,2,3,3,3,3,3,3
Pateros,5.0873,6.7228,5.8688,11.7209,1,1,2,2,2,5,6,6
Patnanungan,3.833,6.3995,3.9343,10.0863,1,1,2,4,4,4,4,4
Patnongon,5.5373,6.7792,6.2876,13.0972,1,1,2,2,2,5,6,6
Pavia,5.4491,8.8764,6.607,13.4426,1,1,1,1,1,1,1,1
Payao,2.5465,6.2839,0.3986,12.0033,3,3,4,5,5,6,7,9
Penablanca,3.4444,8.8925,5.1679,13.8719,1,1,1,1,1,1,1,1
Penaranda,3.6558,9.1557,5.4427,13.4471,1,1,1,1,1,1,1,1
Penarrubia,5.1559,9.5905,5.4299,12.6825,2,2,3,3,3,3,3,3
Perez,4.708,6.1498,4.4169,13.4284,1,1,2,2,2,2,2,2
Piagapo,3.4911,9.6421,2.4962,11.5344,1,1,2,4,4,4,4,4
Piat,5.4503,9.9043,5.0006,11.6448,1,1,1,1,1,1,1,1
Picong,2.5442,6.5628,3.3108,10.647,1,1,2,4,4,4,4,4
Piddig,4.9573,9.7935,5.5272,13.5077,2,2,3,3,3,3,3,3
Pidigan,6.0134,11.2065,6.1642,12.6453,2,2,3,3,3,3,3,3
Pigcawayan,3.6222,9.5856,5.3775,13.3278,1,1,1,1,1,1,1,1
Pikit,4.0934,10.6382,6.2417,13.5274,2,2,3,3,3,3,3,3
Pila,5.9754,7.6488,6.0944,13.1994,1,1,2,2,2,5,6,6
Pilar (AA),5.3186,9.3383,5.7278,13.9664,2,2,3,3,3,3,3,3
Pilar (BL),5.3499,9.7037,5.6444,13.3911,2,2,3,3,3,3,3,3
Pilar (BN),6.7392,9.7189,5.6305,14.0752,2,2,3,3,3,3,3,3
Pilar (CU),6.6851,6.9121,5.848,11.8949,1,1,2,2,2,5,6,6
Pilar (CZ),4.7753,8.5667,2.8865,13.3049,1,1,2,4,4,4,4,4
Pilar (SN),5.006,9.1455,6.9935,12.396,2,2,3,3,3,3,5,5
Pilar (SO),4.0711,8.7982,5.408,13.3004,1,1,1,1,1,1,1,1
Pili,4.3583,9.2159,6.0685,12.5512,1,1,1,1,1,1,1,1
Pililla,3.3588,9.7502,5.7723,14.0925,1,1,1,1,1,1,1,1
Pinabacdao,3.5346,6.4357,4.4683,11.3495,1,1,2,2,2,2,2,2
Pinamalayan,4.6987,10.5725,5.0559,13.4498,1,1,1,1,1,1,1,1
Pinamungajan,6.4041,7.2843,5.1049,13.3365,1,1,2,2,2,5,6,6
Pinan,5.8753,9.3537,5.5004,13.1865,2,2,3,3,3,3,3,3
Pinili,4.2002,9.5923,5.2221,13.1382,1,1,1,1,1,1,1,1
Pintuyan,3.1249,5.7307,4.3449,9.306,3,3,4,5,5,6,7,7
Pinukpuk,4.2511,9.1137,4.8442,12.7471,1,1,1,1,1,1,1,1
Pio Duran,2.3933,4.9178,5.1249,14.3147,1,1,2,2,2,2,2,2
Pio V Corpuz,3.6799,7.9435,4.442,12.2865,1,1,2,4,4,4,4,4
Pitogo (QN),5.4373,7.6012,4.2496,13.3527,1,1,2,4,4,4,4,4
Pitogo (ZR),7.6127,8.1278,4.2727,13.5089,1,1,1,1,1,1,1,1
Placer (MS),3.8208,5.6719,3.3674,8.755,3,3,4,5,5,6,7,7
Placer (SN),5.545,7.1682,5.0922,13.3693,1,1,2,2,2,5,6,6
Plaridel (BU),6.165,9.5883,6.6039,13.7174,2,2,3,3,3,3,5,5
Plaridel (MC),6.2703,10.3301,5.838,13.2437,2,2,3,3,3,3,3,3
Plaridel (QN),4.3312,10.2258,4.4808,13.5359,1,1,1,1,1,1,1,1
Pola,4.676,7.4688,3.9293,9.9299,3,3,4,5,5,6,7,7
Polanco,6.1307,7.6622,5.9133,13.3383,1,1,2,2,2,5,6,6
Polangui,3.8112,10.8808,6.124,13.3778,2,2,3,3,3,3,3,3
Polillo,4.6352,9.064,5.0404,13.2396,1,1,1,1,1,1,1,1
Polomolok,9.1778,10.6413,6.9427,13.5969,2,2,3,3,3,3,5,5
Pontevedra (CZ),5.4605,10.103,5.688,13.2599,2,2,3,3,3,3,3,3
Pontevedra (NO),5.0902,9.4432,5.6267,13.5144,2,2,3,3,3,3,3,3
Poona Bayabao,2.5738,8.1949,3.3728,9.8956,1,1,2,4,4,4,4,4
Poona Piagapo,3.0159,3.9453,3.124,12.7357,1,1,2,4,4,4,4,4
Porac,5.9506,9.691,5.9909,13.3241,2,2,3,3,3,3,3,3
Poro,5.8664,9.4901,5.9271,13.2553,2,2,3,3,3,3,3,3
Pototan,5.1264,8.7318,5.7356,12.002,1,1,1,1,1,1,1,1
Pozorrubio,5.4536,9.9761,5.6332,13.5271,2,2,3,3,3,3,3,3
Presentacion,3.1861,9.2054,2.621,12.7386,1,1,2,4,4,4,4,4
President Garcia,5.8182,9.9297,3.7158,11.7692,1,1,1,1,1,1,1,1
President Quirino,5.2937,9.5474,5.7663,13.5815,2,2,3,3,3,3,3,3
President Roxas (CZ),4.4009,6.8206,4.2768,10.0236,3,3,4,5,5,6,7,7
President Roxas (NC),3.2828,9.5981,5.3208,13.6763,1,1,1,1,1,1,1,1
Prieto Diaz,2.7332,5.6442,0.9306,4.6269,3,3,4,5,7,8,9,10
Prosperidad,4.9626,9.0392,5.2641,13.2202,2,2,3,3,3,3,3,3
Pualas,3.1406,8.4424,2.0405,3.2247,3,3,4,5,7,8,9,10
Pudtol,4.3993,9.1142,4.6935,13.3787,1,1,1,1,1,1,1,1
Puerto Galera,4.3456,9.3834,5.9151,13.4151,1,1,1,1,1,1,1,1
Puerto Princesa,5.1984,10.3548,6.4156,13.7798,2,2,3,3,3,3,3,3
Pugo,7.4621,11.2394,6.7275,15.5406,2,2,3,3,3,3,5,5
Pulilan,5.9535,9.5404,6.1645,13.8156,2,2,3,3,3,3,3,3
Pulupandan,5.1959,7.6267,4.8087,12.5122,1,1,2,2,2,2,2,2
Pura,3.2274,9.2006,5.3827,14.6265,1,1,1,1,1,1,1,1
Quezon (BK),5.2126,9.8156,5.8339,13.4868,2,2,3,3,3,3,3,3
Quezon (IA),2.9655,9.1152,5.3203,13.468,1,1,1,1,1,1,1,1
Quezon (MM),11.719,17.4559,13.4213,16.7128,2,4,5,6,6,7,8,8
Quezon (NE),3.7424,9.4707,4.92,12.9313,1,1,1,1,1,1,1,1
Quezon (NV),4.4473,8.5445,3.7656,13.2059,1,1,2,4,4,4,4,4
Quezon (PN),4.4188,8.3225,4.9056,12.1773,1,1,1,1,1,1,1,1
Quezon (QN),4.7999,6.3504,5.4614,13.4941,1,1,2,2,2,5,6,6
Quinapondan,5.7938,9.2199,4.8845,11.6603,1,1,1,1,1,1,1,1
Quirino (IA),2.7114,9.8675,3.7439,13.5372,1,1,2,4,4,4,4,4
Quirino (IS),3.5992,8.9744,4.3046,13.1839,1,1,2,4,4,4,4,4
R.T. Lim,4.7015,4.0313,4.0079,7.139,3,3,4,5,5,6,7,7
Ragay,2.6259,8.1537,5.1449,12.399,1,1,2,2,2,2,2,2
Rajah Buayan,3.3705,7.2282,5.527,12.9628,1,1,2,2,2,2,2,2
Ramon,3.4292,9.2786,4.7641,13.3087,1,1,1,1,1,1,1,1
Ramon Magsaysay,5.7113,9.8678,5.2416,13.4824,2,2,3,3,3,3,3,3
Ramos,5.5295,9.3609000000000009,6.1754,12.5141,2,2,3,3,3,3,3,3
Rapu-Rapu,1.8611,5.6611,3.5296,12.6078,1,1,2,4,4,4,4,4
Real,3.8799,8.0924,5.0449,13.3852,1,1,1,1,1,1,1,1
Reina Mercedes,3.7448,9.9106,5.7829,13.4983,1,1,1,1,1,1,1,1
Remedios T. Romualdez,5.4608,10.3064,7.026,12.9749,2,2,3,3,3,3,5,5
Rizal (CG),3.9659,8.1817,4.3389,14.1976,1,1,2,4,4,4,4,4
Rizal (KA),4.5109,9.2864,5.4295,13.415,1,1,1,1,1,1,1,1
Rizal (LA),5.5791,8.4932,6.2998,13.5406,1,1,1,1,1,1,1,1
Rizal (NE),3.9013,8.1253,3.5616,13.4911,1,1,2,4,4,4,4,4
Rizal (OM),3.8227,9.2658,5.3008,14.087,1,1,1,1,1,1,1,1
Rizal (PN),4.2518,6.6858,4.7165,12.9513,1,1,2,2,2,2,2,2
Rizal (ZN),5.8285,10.2173,5.9215,12.2175,2,2,3,3,3,3,3,3
Rodriguez,6.826,9.96,7.9137,13.4837,2,2,3,3,3,3,5,5
Romblon,4.8098,10.3787,6.6471,13.583,2,2,3,3,3,3,3,3
Ronda,6.5761,9.9574,10.2588,13.7815,2,2,3,3,3,3,5,5
Rosales,5.617,9.8912,6.3651,13.4437,2,2,3,3,3,3,3,3
Rosario (AS),4.5741,8.8153,4.3687,13.3066,1,1,2,4,4,4,4,4
Rosario (BS),5.821,10.4425,6.0911,13.433,2,2,3,3,3,3,3,3
Rosario (CE),6.5578,10.3799,7.1826,13.4622,2,2,3,3,3,3,5,5
Rosario (LU),5.5693,10.5652,5.7748,14.7463,2,2,3,3,3,3,3,3
Rosario (NS),2.7687,6.2022,5.2603,10.8384,1,1,2,2,2,2,2,2
Roxas (CZ),6.2116,7.6764,6.7247,11.3476,2,2,3,3,3,3,3,3
Roxas (IA),3.9716,8.7406,5.5873,13.1444,1,1,1,1,1,1,1,1
Roxas (OR),4.9101,10.1835,4.9658,13.3677,1,1,1,1,1,1,1,1
Roxas (PN),4.8181,9.205,5.0653,12.09,1,1,1,1,1,1,1,1
Roxas (ZN),14.1311,12.0364,6.9581,14.4348,2,4,5,6,6,7,8,8
Sabangan,4.4968,9.7708,4.7452,13.1697,1,1,1,1,1,1,1,1
Sablan,6.2287,9.7732,6.8506,15.1238,2,2,3,3,3,3,5,5
Sablayan,4.2908,10.9706,5.7759,13.9083,2,2,3,3,3,3,3,3
Sabtang,3.3946,5.9453,5.9326,12.7775,1,1,2,2,2,2,2,2
Sadanga,3.8393,7.7025,4.9196,12.1196,1,1,2,2,2,2,2,2
Sagada,6.0037,10.8036,5.7828,13.5063,2,2,3,3,3,3,3,3
Sagay (CM),5.8363,11.2178,7.1325,14.6077,2,2,3,3,3,3,5,5
Sagay (NO),3.7575,9.875,5.8381,12.2914,1,1,1,1,1,1,1,1
Sagbayan,7.1508,9.6471,5.9286,12.5952,2,2,3,3,3,3,3,3
Sagnay,3.3526,7.7164,4.6012,13.3762,1,1,1,1,1,1,1,1
Saguday,5.4086,11.3899,5.1754,13.7423,2,2,3,3,3,3,3,3
Saguiaran,4.3088,6.9132,3.5297,7.9186,3,3,4,5,5,6,7,7
Saint Bernard,4.0626,9.1879,3.6965,12.4298,1,1,2,4,4,4,4,4
Salay,5.6632,10.4023,6.0895,13.8333,2,2,3,3,3,3,3,3
Salcedo (ES),6.4417,12.5392,5.1151,13.449,2,2,3,3,3,3,3,3
Salcedo (IS),4.7087,9.1651,4.8811,13.4633,1,1,1,1,1,1,1,1
Sallapadan,4.6355,8.4751,5.1019,11.49,1,1,1,1,1,1,1,1
Salug,5.9276,8.0463,5.6008,12.3675,1,1,2,2,2,5,6,6
Salvador,4.9104,11.3055,4.941,13.4068,2,2,3,3,3,3,3,3
Salvador Benedicto,3.7468,9.0291,4.0056,11.3281,1,1,2,4,4,4,4,4
Samal,5.834,11.3582,6.0542,12.3581,2,2,3,3,3,3,3,3
Samboan,7.084,9.022,5.1829,12.8102,1,1,2,2,2,5,6,6
Sampaloc,5.3211,10.573,5.9567,13.5163,2,2,3,3,3,3,3,3
San Agustin (IA),3.3621,8.1931,4.1586,12.9401,1,1,2,4,4,4,4,4
San Agustin (RN),4.4403,10.0121,6.3033,13.5341,2,2,3,3,3,3,3,3
San Agustin (SS),6.0025,8.6971,5.2184,13.2627,1,1,2,2,2,5,6,6
San Andres (CT),3.255,9.2452,5.6656,12.1049,1,1,1,1,1,1,1,1
San Andres (QN),4.449,8.967,4.8098,13.4748,1,1,1,1,1,1,1,1
San Andres (RN),5.1876,6.7253,6.1249,13.8234,1,1,2,2,2,5,6,6
San Antonio (NE),3.3352,11.1264,4.2633,13.4785,1,1,1,1,1,1,1,1
San Antonio (NS),3.4111,5.4777,5.5557,10.9516,1,1,2,2,2,2,2,2
San Antonio (QN),5.2152,10.7951,5.8492,13.6278,2,2,3,3,3,3,3,3
San Antonio (ZA),3.5648,8.7982,4.9034,13.3766,1,1,1,1,1,1,1,1
San Benito,4.8077,8.7765,5.6828,13.5809,1,1,1,1,1,1,1,1
San Carlos (NO),4.9837,9.6458,5.9317,11.6938,1,1,1,1,1,1,1,1
San Carlos (PS),4.7726,10.6495,6.2936,13.6673,2,2,3,3,3,3,3,3
San Clemente,4.2592,9.609,5.9745,13.2847,2,2,3,3,3,3,3,3
San Dionisio,4.5027,9.9945,4.7317,13.2511,1,1,1,1,1,1,1,1
San Emilio,3.8973,9.3958,3.7944,13.7469,1,1,2,4,4,4,4,4
San Enrique (IO),5.0815,9.7644,5.6749,13.2184,2,2,3,3,3,3,3,3
San Enrique (NO),4.0317,8.4548,4.8962,11.6763,1,1,1,1,1,1,1,1
San Esteban,6.898,11.0893,5.8229,14.0139,2,2,3,3,3,3,3,3
San Fabian,4.6319,10.1868,5.1018,13.4536,1,1,1,1,1,1,1,1
San Felipe,5.2308,10.2937,5.6119,13.5638,2,2,3,3,3,3,3,3
San Fernando (BK),4.9046,9.8461,5.1652,13.6301,1,1,1,1,1,1,1,1
San Fernando (CS),1.6721,4.9962,1.9237,12.288,1,1,2,4,4,4,4,4
San Fernando (CU),5.3163,9.581,5.028,12.1481,1,1,1,1,1,1,1,1
San Fernando (LU),7.2228,11.7051,6.6448,14.5408,2,2,3,3,3,3,5,5
San Fernando (MS),7.0379,7.2709,5.5342,11.4779,1,1,2,2,2,5,6,6
San Fernando (PA),8.8869,12.206,10.1549,14.3837,2,4,5,6,6,7,8,8
San Fernando (RN),4.8472,10.9888,5.9393,15.6688,2,2,3,3,3,3,5,5
San Francisco (AS),6.7773,10.0301,7.1987,13.2991,2,2,3,3,3,3,5,5
San Francisco (CU),8.7777,9.5054,4.5156,12.3795,2,2,3,3,3,3,3,3
San Francisco (QN),3.648,4.9529,4.2697,13.2664,1,1,2,2,2,2,2,2
San Francisco (SL),3.7745,5.6271,2.3988,9.7961,3,3,4,5,5,6,7,9
San Francisco (SN),5.4128,7.9306,5.9432,13.0889,1,1,2,2,2,5,6,6
San Gabriel,5.4152,9.5799,4.8794,14.1521,1,1,1,1,1,1,1,1
San Guillermo,2.9334,9.559,5.6698,13.3505,1,1,1,1,1,1,1,1
San Ildefonso (BU),5.7662,7.1826,5.7457,11.5315,1,1,2,2,2,5,6,6
San Ildefonso (IS),5.7004,9.6093,6.6094,12.8067,2,2,3,3,3,3,5,5
San Isidro (BL),5.9202,9.8722,5.7603,10.8145,2,2,3,3,3,3,3,3
San Isidro (DN),4.7633,7.8814,6.3709,13.9677,1,1,1,1,1,1,1,1
San Isidro (DO),5.9044,9.7318,5.6761,13.5352,2,2,3,3,3,3,3,3
San Isidro (IA),3.3188,10.3328,3.9148,12.4015,1,1,2,4,4,4,4,4
San Isidro (LE),5.7577,9.2924,6.3861,10.7494,2,2,3,3,3,3,3,3
San Isidro (NE),3.537,6.0562,5.5089,12.2543,1,1,2,2,2,2,2,2
San Isidro (NS),4.4627,8.7274,5.0782,12.9514,1,1,1,1,1,1,1,1
San Isidro (SN),5.5906,8.3645,5.6311,12.7284,1,1,2,2,2,5,6,6
San Jacinto (MS),5.8973,6.8345,4.7399,12.5301,1,1,2,2,2,5,6,6
San Jacinto (PS),5.6115,7.4409,5.4298,13.1662,1,1,2,2,2,5,6,6
San Joaquin,4.5789,9.518,5.4805,13.4843,1,1,1,1,1,1,1,1
San Jorge,3.4251,5.4888,5.2796,12.0873,1,1,2,2,2,2,2,2
San Jose (AE),5.6519,11.3405,6.1751,12.0435,2,2,3,3,3,3,3,3
San Jose (BS),6.1786,9.4837,5.6752,13.4006,2,2,3,3,3,3,3,3
San Jose (CS),3.1712,8.341,2.1335,11.5712,1,1,2,4,4,4,4,4
San Jose (DI),7.1402,10.5128,5.911,13.5597,2,2,3,3,3,3,3,3
San Jose (NE),3.9649,8.7482,5.2869,13.6221,1,1,1,1,1,1,1,1
San Jose (NR),5.9844,9.611,6.7581,12.2599,2,2,3,3,3,3,3,3
San Jose (NS),4.6794,10.6882,5.6771,13.1309,2,2,3,3,3,3,3,3
San Jose (OM),5.1935,10.9434,7.2282,13.8291,2,2,3,3,3,3,5,5
San Jose (RN),4.2195,8.4154,3.9361,13.2408,1,1,2,4,4,4,4,4
San Jose (TC),2.7497,8.4827,5.0406,13.2019,1,1,1,1,1,1,1,1
San Jose De Buan,3.0906,5.4519,4.3977,10.629,1,1,2,2,2,2,2,2
San Jose Del Monte,7.1375,10.8366,7.8749,13.8369,2,2,3,3,3,3,5,5
San Juan (AA),5.5009,9.1782,5.1468,13.2848,2,2,3,3,3,3,3,3
San Juan (BS),5.3385,8.4934,6.3802,13.331,1,1,1,1,1,1,1,1
San Juan (IS),5.9938,9.851,5.1304,13.5314,2,2,3,3,3,3,3,3
San Juan (LU),4.9451,9.8861,4.9456,14.2636,1,1,1,1,1,1,1,1
San Juan (MM),3.2642,7.7814,5.0825,13.4486,1,1,1,1,1,1,1,1
San Juan (SL),6.6381,6.839,4.3956,11.2409,1,1,2,2,2,5,6,6
San Juan (SR),6.607,7.0312,6.1599,12.9919,1,1,2,2,2,5,6,6
San Julian,5.46,5.1751,3.4246,10.7624,1,1,2,2,2,2,2,2
San Leonardo,3.4275,8.5594,6.283,13.4875,1,1,1,1,1,1,1,1
San Lorenzo,5.579,7.8555,6.1031,12.612,1,1,2,2,2,5,6,6
San Lorenzo Ruiz,3.451,9.4712,4.4608,11.8145,1,1,2,4,4,4,4,4
San Luis (AS),4.3351,9.0792,5.1217,11.1674,1,1,1,1,1,1,1,1
San Luis (AU),4.1472,9.757,5.4402,13.3692,1,1,1,1,1,1,1,1
San Luis (BS),4.5378,9.5153,5.4131,13.1812,1,1,1,1,1,1,1,1
San Luis (PA),4.17,9.8572,5.7838,13.5183,2,2,3,3,3,3,3,3
San Manuel (IA),3.4929,9.2674,5.6399,13.4592,1,1,1,1,1,1,1,1
San Manuel (PS),4.8792,9.6188,4.9604,13.8687,1,1,1,1,1,1,1,1
San Manuel (TC),4.4988,5.8617,5.2284,13.3203,1,1,2,2,2,2,2,2
San Marcelino,3.6665,9.2608,5.4339,13.1544,1,1,1,1,1,1,1,1
San Mariano,2.6551,10.2593,5.5924,13.3574,1,1,1,1,1,1,1,1
San Mateo (IA),3.6938,9.4278,5.0771,13.2972,1,1,1,1,1,1,1,1
San Mateo (RL),6.7857,12.7531,8.7622,18.4734,2,4,5,6,6,7,8,8
San Miguel (BL),5.4448,9.4255,4.9375,12.048,1,1,1,1,1,1,1,1
San Miguel (BU),4.8767,6.225,5.5653,13.359,1,1,2,2,2,5,6,6
San Miguel (CT),3.1763,8.6377,4.1273,12.6571,1,1,2,4,4,4,4,4
San Miguel (IO),5.8348,9.5205,5.6134,13.3673,2,2,3,3,3,3,3,3
San Miguel (LE),5.1069,7.1741,4.649,12.8421,1,1,2,2,2,2,2,2
San Miguel (SS),4.5471,7.5483,5.2335,10.5276,1,1,2,2,2,2,2,2
San Miguel (ZR),5.5481,6.5868,3.7213,11.4507,1,1,2,2,2,2,2,2
San Narciso (QN),4.4232,8.0931,5.0438,13.466,1,1,1,1,1,1,1,1
San Narciso (ZA),4.743,8.2464,5.414,13.4053,1,1,1,1,1,1,1,1
San Nicolas (BS),5.2041,8.762,5.7008,12.7817,2,2,3,3,3,3,3,3
San Nicolas (IN),5.0206,9.8567,6.1667,14.1612,2,2,3,3,3,3,3,3
San Nicolas (PS),4.5954,9.8653,5.2368,13.8542,1,1,1,1,1,1,1,1
San Pablo (IA),1.918,6.7926,3.9459,13.1209,1,1,2,4,4,4,4,4
San Pablo (LA),5.7849,9.9698,6.7361,13.779,2,2,3,3,3,3,5,5
San Pablo (ZR),5.9855,6.9168,5.3637,12.5815,1,1,2,2,2,5,6,6
San Pascual (BS),4.8758,8.7275,5.327,13.504,1,1,1,1,1,1,1,1
San Pascual (MS),4.2428,5.9243,4.0851,6.1672,3,3,4,5,5,6,7,7
San Pedro,7.0614,10.1819,8.4423,13.9558,2,2,3,3,3,3,5,5
San Policarpo,4.7711,7.8325,3.7654,12.7761,1,1,2,4,4,4,4,4
San Quintin (PS),6.6612,9.556,5.8415,13.6971,2,2,3,3,3,3,3,3
San Rafael (BU),5.6493,7.9748,5.7642,13.4045,1,1,2,2,2,5,6,6
San Rafael (IO),5.2446,5.7702,6.094,10.3628,1,1,2,2,2,5,6,6
San Remigio (AE),4.467,9.9386,5.1197,11.5314,1,1,1,1,1,1,1,1
San Remigio (CU),8.3051,10.8553,7.4021,14.2695,2,2,3,3,3,3,5,5
San Ricardo,2.6704,6.4657,4.9568,8.51,3,3,4,5,5,6,7,7
San Roque,4.4369,9.4898,4.9566,13.378,1,1,1,1,1,1,1,1
San Sebastian,2.4255,7.528,4.6043,8.9642,3,3,4,5,5,6,7,7
San Simon,8.0038,10.9386,6.0528,13.6151,2,2,3,3,3,3,3,3
San Teodoro,3.9362,9.9692,5.238,12.4955,1,1,1,1,1,1,1,1
San Vicente (CN),2.8524,8.566,5.5285,12.7707,1,1,1,1,1,1,1,1
San Vicente (IS),6.1701,10.3553,6.8007,14.3711,2,2,3,3,3,3,5,5
San Vicente (NS),3.0343,5.9304,3.9502,9.0538,3,3,4,5,5,6,7,7
San Vicente (PN),4.0863,8.89,5.638,12.63,1,1,1,1,1,1,1,1
Sanchez-Mira,5.9066,10.041,5.8753,13.6117,2,2,3,3,3,3,3,3
Santa,5.3463,9.4598,5.1844,13.7427,2,2,3,3,3,3,3,3
Santa Ana (CG),3.8851,4.5775,4.8278,10.2029,1,1,2,2,2,2,2,2
Santa Ana (PA),5.8342,9.7452,6.5286,12.3337,2,2,3,3,3,3,3,3
Santa Barbara (IO),5.3308,13.0252,6.0138,13.5802,2,2,3,3,3,3,3,3
Santa Barbara (PS),5.1768,9.6357,4.945,13.6222,2,2,3,3,3,3,3,3
Santa Catalina (IS),6.4897,11.4592,7.6044,16.3991,2,2,3,3,3,3,5,5
Santa Catalina (NR),4.9263,8.2112,5.1958,11.9619,1,1,1,1,1,1,1,1
Santa Cruz (DS),5.8519,8.7739,5.4165,12.4742,1,1,2,2,2,5,6,6
Santa Cruz (IS),4.7105,9.4467,5.5708,14.5969,2,2,3,3,3,3,3,3
Santa Cruz (LA),6.2965,10.0745,6.0145,13.5154,2,2,3,3,3,3,3,3
Santa Cruz (ME),3.7162,10.0572,4.8415,12.678,1,1,1,1,1,1,1,1
Santa Cruz (OM),2.2137,6.8298,5.6919,13.3222,1,1,2,2,2,2,2,2
Santa Cruz (ZA),3.4311,7.6251,4.995,11.9864,1,1,2,2,2,2,2,2
Santa Elena,2.0029,3.7462,1.5977,6.2426,3,3,4,5,7,8,9,10
Santa Fe (CU),6.7587,10.7616,6.4599,13.5111,2,2,3,3,3,3,3,3
Santa Fe (LE),5.2556,7.7722,5.4685,12.1943,1,1,2,2,2,5,6,6
Santa Fe (NV),3.1951,6.7761,5.3541,9.6492,3,3,4,5,5,6,7,7
Santa Fe (RN),5.4493,8.2572,5.8586,13.1315,1,1,2,2,2,5,6,6
Santa Ignacia,2.9011,8.3103,5.3055,13.3043,1,1,1,1,1,1,1,1
Santa Josefa,5.3263,8.9259,5.5534,13.2776,2,2,3,3,3,3,3,3
Santa Lucia,6.3797,9.8965,5.6619,14.5244,2,2,3,3,3,3,3,3
Santa Magdalena,3.9948,6.5433,5.9881,12.5257,1,1,2,2,2,2,2,2
Santa Marcela,4.5559,8.7327,4.7284,12.8069,1,1,1,1,1,1,1,1
Santa Margarita,3.4435,6.2339,4.1414,11.0133,1,1,2,2,2,2,2,2
Santa Maria (BU),8.7457,11.2268,7.4042,12.3228,2,2,3,3,3,3,5,5
Santa Maria (DS),4.9866,7.5303,4.5101,13.3701,1,1,2,2,2,2,2,2
Santa Maria (IA),3.0242,6.6431,4.3005,12.8029,1,1,2,4,4,4,4,4
Santa Maria (Imelda),4.3729,9.0342,5.786,12.9609,1,1,1,1,1,1,1,1
Santa Maria (IS),6.2212,9.6693,4.7827,13.5551,2,2,3,3,3,3,3,3
Santa Maria (LA),4.6454,11.3151,5.7053,13.1543,2,2,3,3,3,3,3,3
Santa Maria (PS),6.4319,9.9402,5.9879,13.76,2,2,3,3,3,3,3,3
Santa Monica,4.9887,9.4279,6.1154,13.2169,2,2,3,3,3,3,3,3
Santa Praxedes,3.7475,7.0897,5.0507,13.3886,1,1,2,2,2,2,2,2
Santa Rita (PA),4.4587,9.3138,5.773,13.3875,1,1,1,1,1,1,1,1
Santa Rita (WS),3.5237,9.9566,4.6234,12.9595,1,1,1,1,1,1,1,1
Santa Rosa (LA),8.9902,11.3394,9.4248,13.7091,2,4,5,6,6,7,8,8
Santa Rosa (NE),3.7135,8.8335,5.0123,13.2268,1,1,1,1,1,1,1,1
Santa Teresita (BS),4.4153,8.8871,2.739,13.4723,1,1,2,4,4,4,4,4
Santa Teresita (CG),5.1531,9.8448,6.0031,13.4706,2,2,3,3,3,3,3,3
Santander,6.2393,6.8746,4.9029,13.5901,1,1,2,2,2,5,6,6
Santiago (AN),5.1959,9.0719,6.1283,13.3888,2,2,3,3,3,3,3,3
Santiago (IA),4.7915,9.599,8.0651,14.1026,2,2,3,3,3,3,5,5
Santiago (IS),5.4588,9.4731,5.1646,13.689,2,2,3,3,3,3,3,3
Santo Domingo (AY),4.033,9.3942,4.9486,12.7962,1,1,1,1,1,1,1,1
Santo Domingo (IS),6.5571,10.5893,5.8927,17.007,2,2,3,3,3,3,5,5
Santo Domingo (NE),5.1935,9.1949,6.1295,13.2582,2,2,3,3,3,3,3,3
Santo Nino (CG),2.3913,9.2391,1.4587,12.5417,1,1,2,4,4,4,4,4
Santo Nino (SC),6.4066,10.6385,6.2828,13.7536,2,2,3,3,3,3,3,3
Santo Nino (WS),3.0595,6.7285,3.8635,9.8537,1,1,2,4,4,4,4,4
Santo Tomas (BS),5.7825,6.3442,6.1837,12.8892,1,1,2,2,2,5,6,6
Santo Tomas (DN),5.7009,9.8207,5.687,13.5082,2,2,3,3,3,3,3,3
Santo Tomas (IA),2.4132,7.7549,2.7979,12.143,1,1,2,4,4,4,4,4
Santo Tomas (LU),5.7011,9.8144,5.2955,16.1205,2,2,3,3,3,3,5,5
Santo Tomas (PA),5.4618,9.4424,5.4929,11.6353,1,1,1,1,1,1,1,1
Santo Tomas (PS),4.847,10.6288,7.5525,13.0104,2,2,3,3,3,3,5,5
Santol,4.5476,9.4613,4.9136,14.1607,1,1,1,1,1,1,1,1
Sapa-Sapa,2.9703,7.6101,1.2687,11.7857,1,1,2,4,4,4,4,4
Sapad,4.4993,9.5679,5.5424,12.3607,1,1,1,1,1,1,1,1
Sapang Dalaga,6.3324,8.6786,6.5226,13.4067,2,2,3,3,3,3,3,3
Sapi-An,3.7179,7.8575,4.0002,12.6361,1,1,2,4,4,4,4,4
Sara,4.6093,8.9586,4.7324,13.3062,1,1,1,1,1,1,1,1
Sarangani,4.7747,5.8322,3.761,13.1615,1,1,2,2,2,2,2,2
Sariaya,5.3456,11.2005,6.395,13.7144,2,2,3,3,3,3,3,3
Sarrat,5.5414,9.9494,5.8758,13.5403,2,2,3,3,3,3,3,3
Sasmuan,3.7852,8.9871,5.6737,13.4466,1,1,1,1,1,1,1,1
Science City of Munoz,3.7724,9.3693,5.5523,12.2531,1,1,1,1,1,1,1,1
Sebaste,4.1683,7.1521,3.0258,13.4394,1,1,2,4,4,4,4,4
Senator Ninoy Aquino,5.1422,9.5461,4.9534,13.5122,2,2,3,3,3,3,3,3
Sergio Osmena,5.2889,8.9879,5.1164,13.2596,2,2,3,3,3,3,3,3
Sevilla,5.666,9.5458,6.3483,13.2707,2,2,3,3,3,3,3,3
Shariff Aguak,3.5731,6.8094,4.0868,11.2809,1,1,2,2,2,2,2,2
Shariff Saydona Mustapha,3.4706,9.2973,5.1048,11.6121,1,1,1,1,1,1,1,1
Siaton,4.9738,6.5211,5.5462,10.8211,1,1,2,2,2,5,6,6
Siay,2.9669,8.3449,4.1168,13.1605,1,1,2,4,4,4,4,4
Siayan,5.0834,9.7837,4.7823,12.8241,1,1,1,1,1,1,1,1
Sibagat,4.5046,9.3703,2.9062,13.3992,1,1,2,4,4,4,4,4
Sibalom,3.6466,7.2795,4.5493,7.5568,3,3,4,5,5,6,7,7
Sibonga,6.7276,9.2536,6.0101,13.6521,2,2,3,3,3,3,3,3
Sibulan,4.7515,8.125,4.5586,11.5142,1,1,2,2,2,2,2,2
Sibunag,4.1315,8.0947,4.9808,12.716,1,1,1,1,1,1,1,1
Sibutad,4.7422,3.3184,5.2689,11.8054,1,1,2,2,2,2,2,2
Sibutu,4.2627,7.0953,4.0905,8.4345,3,3,4,5,5,6,7,7
Sierra Bullones,5.7515,9.3305,5.5229,9.5137,2,2,3,3,3,3,3,3
Sigay,4.082,9.1519,4.3816,10.733,1,1,2,4,4,4,4,4
Sigma,5.3426,8.2877,4.6398,11.0345,1,1,2,2,2,2,2,2
Sikatuna,6.1184,9.6178,6.0053,10.3696,2,2,3,3,3,3,3,3
Silago,4.693,7.6527,5.1839,12.6194,1,1,2,2,2,2,2,2
Silang,7.9204,11.0767,7.2493,13.9455,2,2,3,3,3,3,5,5
Silay,4.0155,9.8844,6.186,13.5045,2,2,3,3,3,3,3,3
Silvino Lobos,2.4896,5.971,2.704,7.5465,3,3,4,5,5,6,7,7
Simunul,3.6565,8.1776,1.3517,12.4742,1,1,2,4,4,4,4,4
Sinacaban,4.3635,8.3575,7.3482,13.0616,2,2,3,3,3,3,5,5
Sinait,7.2478,10.3391,5.9206,14.3908,2,2,3,3,3,3,3,3
Sindangan,6.6915,7.2125,3.2668,12.2146,1,1,1,1,1,1,1,1
Siniloan,4.5273,8.3049,5.8761,13.4193,1,1,1,1,1,1,1,1
Siocon,5.424,9.001,4.6797,13.2256,1,1,1,1,1,1,1,1
Sipalay,3.5485,8.9372,5.7827,13.6938,1,1,1,1,1,1,1,1
Sipocot,2.9581,6.5169,5.5085,11.2863,1,1,2,2,2,2,2,2
Siquijor,6.4691,10.2448,6.1096,11.1561,2,2,3,3,3,3,3,3
Sirawai,5.872,6.9778,4.1495,11.8994,1,1,2,2,2,2,2,2
Siruma,1.5874,5.0023,1.4779,5.7761,3,3,4,5,7,8,9,10
Sison (PS),9.2862,10.2044,4.4997,13.6852,2,2,3,3,3,3,3,3
Sison (SN),5.4646,9.8466,6.2679,13.9959,2,2,3,3,3,3,5,5
Sitangkai,3.0195,6.2461,3.728,12.6216,1,1,2,4,4,4,4,4
Socorro (OR),5.2347,10.4456,5.9932,13.4377,2,2,3,3,3,3,3,3
Socorro (SN),5.348,9.9079,5.9121,12.9366,2,2,3,3,3,3,3,3
Sofronio Espanola,4.2267,6.1102,4.3937,13.2845,1,1,2,2,2,2,2,2
Sogod (CU),5.8326,10.134,5.9262,13.7526,2,2,3,3,3,3,3,3
Sogod (SL),3.0627,5.8362,5.505,10.8706,1,1,2,2,2,2,2,2
Solana,4.4792,9.0754,5.3183,13.4087,1,1,1,1,1,1,1,1
Solano,4.7576,9.3826,6.3444,13.0336,2,2,3,3,3,3,3,3
Solsona,5.7322,10.0727,5.2298,13.6804,2,2,3,3,3,3,3,3
Sominot,6.6541,9.3892,5.3109,13.6433,2,2,3,3,3,3,3,3
Sorsogon,5.1726,10.5259,7.8075,12.8512,2,2,3,3,3,3,5,5
South Ubian,4.3037,7.3695,2.8544,7.0836,3,3,4,5,5,6,7,7
South Upi,4.3207,8.9637,4.6863,13.347,1,1,1,1,1,1,1,1
Sual,4.5662,8.48,5.0584,13.5016,1,1,1,1,1,1,1,1
Subic,3.9362,9.288,5.4166,13.2518,1,1,1,1,1,1,1,1
Sudipen,4.9899,8.9629,4.6387,13.787,1,1,1,1,1,1,1,1
Sugbongcogon,5.5453,9.2743,5.0898,12.6007,1,1,1,1,1,1,1,1
Sugpon,4.2056,9.4813,4.5004,12.7662,1,1,1,1,1,1,1,1
Sulat,4.0069,7.1564,3.0497,11.5553,1,1,2,4,4,4,4,4
Sulop,6.526,11.1803,9.6044,13.969,2,2,3,3,3,3,5,5
Sultan Dumalondong,2.9352,8.9009,5.0503,12.8552,1,1,1,1,1,1,1,1
Sultan Kudarat,5.0233,9.3664,5.7201,13.3867,2,2,3,3,3,3,3,3
Sultan Mastura,3.2515,9.1303,5.8564,12.7517,1,1,1,1,1,1,1,1
Sultan Naga Dimaporo,7.4121,10.2647,5.9946,8.2452,2,2,3,3,3,3,3,3
Sultan Sa Barongis,2.893,4.0287,3.8188,7.9127,3,3,4,5,5,6,7,7
Sumilao,6.2207,10.3669,5.6045,13.4988,2,2,3,3,3,3,3,3
Sumisip,2.9509,3.6325,0.1293,9.7392,3,3,4,5,5,6,7,9
Surallah,6.6112,10.9966,6.5233,14.0131,2,2,3,3,3,3,3,3
Surigao,6.0741,8.9718,6.9696,13.7052,2,2,3,3,3,3,5,5
Suyo,4.5609,9.5653,5.2553,13.6238,1,1,1,1,1,1,1,1
Taal,6.0448,10.7149,5.1273,13.7953,2,2,3,3,3,3,3,3
Tabaco,3.2683,8.5279,6.3098,13.1136,1,1,1,1,1,1,1,1
Tabango,5.0409,8.4787,3.7412,12.1079,1,1,1,1,1,1,1,1
Tabina,5.6431,6.3455,6.0211,11.6787,1,1,2,2,2,5,6,6
Tabogon,5.753,8.4396,5.446,12.509,1,1,2,2,2,5,6,6
Tabontabon,4.9394,5.4011,5.8961,8.3742,3,3,4,5,5,6,7,7
Tabuelan,4.8914,4.7199,5.5158,9.9558,1,1,2,2,2,2,2,2
Tabuk,4.7708,10.102,5.4888,13.5761,2,2,3,3,3,3,3,3
Tacloban,4.3609,9.6001,4.561,13.6954,1,1,1,1,1,1,1,1
Tacurong,5.5195,10.0339,6.4674,13.6057,2,2,3,3,3,3,3,3
Tadian,5.7033,8.6606,4.8774,12.6791,1,1,1,1,1,1,1,1
Taft,3.5006,5.5499,4.7369,8.3431,3,3,4,5,5,6,7,7
Tagana-An,7.361,9.9453,7.137,13.8859,2,2,3,3,3,3,5,5
Tagapul-An,3.288,7.8102,4.7507,13.636,1,1,1,1,1,1,1,1
Tagaytay,4.5923,9.065,6.9095,13.6175,2,2,3,3,3,3,5,5
Tagbilaran,7.448,10.8368,9.2596,13.7128,2,2,3,3,3,3,5,5
Tagbina,4.876,7.5947,4.3266,12.6111,1,1,2,2,2,2,2,2
Tagkawayan,3.9406,8.5592,5.4251,12.6666,1,1,1,1,1,1,1,1
Tago,4.6691,8.3062,3.8554,13.3244,1,1,2,4,4,4,4,4
Tagoloan (LN),3.6616,9.5785,3.6512,12.8963,1,1,2,4,4,4,4,4
Tagoloan (MO),5.5867000000000004,9.044,5.5562,13.4742,2,2,3,3,3,3,3,3
Tagoloan Ii,2.5738,5.8901,0.1954,8.5105,3,3,4,5,5,6,7,9
Tagudin,5.134,10.2149,5.9356,14.1769,2,2,3,3,3,3,3,3
Taguig,5.9148,8.9189,7.0852,12.97,1,1,2,2,2,5,6,6
Tagum,8.8766,15.1586,10.4221,18.1381,2,4,5,6,6,7,8,8
Talacogon,4.3816,10.9802,5.5843,13.5328,2,2,3,3,3,3,3,3
Talaingod,4.0707,8.4468,4.7866,13.2487,1,1,1,1,1,1,1,1
Talakag,4.5383,8.8328,4.8188,13.3653,1,1,1,1,1,1,1,1
Talalora,2.3832,9.6013,4.0984,11.2961,1,1,2,4,4,4,4,4
Talavera,5.0881,10.5727,7.8899,12.6191,2,2,3,3,3,3,5,5
Talayan,3.7381,9.4812,4.2758,12.1494,1,1,2,4,4,4,4,4
Talibon,5.7724,9.3925,6.0754,13.9724,2,2,3,3,3,3,3,3
Talipao,4.9578,7.0403,4.46,10.6944,1,1,2,2,2,2,2,2
Talisay (CU),5.4548,9.3098,8.2968,13.337,2,2,3,3,3,3,5,5
Talisay (BS),7.4699,9.3747,6.3608,13.656,2,2,3,3,3,3,5,5
Talisay (CN),3.4658,8.0165,3.6378,12.7105,1,1,2,4,4,4,4,4
Talisay (NO),4.1197,9.1051,6.0563,12.739,1,1,1,1,1,1,1,1
Talisayan,5.3598,9.7111,5.0639,13.569,2,2,3,3,3,3,3,3
Talitay,3.3809,7.2092,4.972,11.3615,1,1,2,2,2,2,2,2
Talugtug,4.3011,7.0567,5.3433,13.4811,1,1,1,1,1,1,1,1
Talusan,4.7278,9.9392,6.263,12.7993,2,2,3,3,3,3,3,3
Tambulig,4.1197,7.5133,5.956,11.5081,1,1,1,1,1,1,1,1
Tampakan,4.9782,9.5182,5.6972,13.5576,2,2,3,3,3,3,3,3
Tamparan,3.0335,7.0701,4.5393,13.2318,1,1,2,4,4,4,4,4
Tampilisan,5.5203,9.3718,4.5222,12.8338,1,1,1,1,1,1,1,1
Tanauan (BS),6.6316,10.164,7.5379,12.6621,2,2,3,3,3,3,5,5
Tanauan (LE),5.3114,7.9338,5.0958,13.8242,1,1,2,2,2,5,6,6
Tanay,5.0337,9.8056,6.258,14.0969,2,2,3,3,3,3,3,3
Tandag,4.7973,8.1944,5.3633,13.6118,1,1,1,1,1,1,1,1
Tandubas,2.748,6.925,2.5151,12.6686,1,1,2,4,4,4,4,4
Tangalan,6.0752,9.7365,6.9437,13.3698,2,2,3,3,3,3,5,5
Tangcal,3.5255,9.7845,5.186,13.321,1,1,1,1,1,1,1,1
Tangub,3.3421,9.6287,5.802,13.5038,1,1,1,1,1,1,1,1
Tanjay,5.0223,8.5211,5.3204,13.4723,1,1,1,1,1,1,1,1
Tantangan,5.6172,10.1534,6.47,13.9515,2,2,3,3,3,3,5,5
Tanudan,4.3752,5.8523,4.8239,12.5116,1,1,2,2,2,2,2,2
Tanza,8.3572,9.4196,6.6872,12.586,2,2,3,3,3,3,3,3
Tapaz,3.592,9.4437,4.7039,11.1442,1,1,2,4,4,4,4,4
Taraka,3.102,8.3827,2.9244,12.5912,1,1,2,4,4,4,4,4
Tarangnan,3.0399,6.6344,3.6131,12.7781,1,1,2,4,4,4,4,4
Tarlac,5.8355,9.9126,7.0457,13.9283,2,2,3,3,3,3,5,5
Tarragona,4.529,8.3955,4.2321,13.3687,1,1,2,4,4,4,4,4
Tayabas,4.4359,8.0462,5.3466,13.0137,1,1,1,1,1,1,1,1
Tayasan,4.9645,7.1624,4.9181,12.8158,1,1,2,2,2,2,2,2
Taysan,4.5305,7.6786,5.4392,13.5603,1,1,1,1,1,1,1,1
Taytay (PN),4.8213,9.3435,5.7708,13.4695,2,2,3,3,3,3,3,3
Taytay (RL),10.0891,10.9022,9.9442,15.7254,2,4,5,6,6,7,8,8
Tayug,8.2298,11.4256,7.2922,14.167,2,2,3,3,3,3,5,5
Tayum,5.7037,9.4272,6.015,13.5236,2,2,3,3,3,3,3,3
Teresa,4.0469,9.3427,6.0254,13.4238,2,2,3,3,3,3,3,3
Ternate,4.4961,8.3404,4.8142,12.6895,1,1,1,1,1,1,1,1
Tiaong,6.304,10.4389,5.2586,14.6018,2,2,3,3,3,3,3,3
Tibiao,4.6126,4.7794,0.3275,9.7688,3,3,4,5,5,6,7,9
Tigaon,4.8551,9.942,5.7939,13.469,2,2,3,3,3,3,3,3
Tigbao,6.3466,6.7896,5.2616,12.7952,1,1,2,2,2,5,6,6
Tigbauan,5.1173,9.9488,6.0517,14.0507,2,2,3,3,3,3,3,3
Tinambac,2.2117,4.851,4.6616,9.9727,1,1,2,2,2,2,2,2
Tineg,3.5941,7.8889,0.8892,12.7067,1,1,2,4,4,4,4,4
Tinglayan,4.0496,8.4,4.3314,12.9335,1,1,1,1,1,1,1,1
Tingloy,4.1922,7.8365,4.4336,10.9215,1,1,2,2,2,2,2,2
Tinoc,4.0444,6.5301,5.166,12.6196,1,1,2,2,2,2,2,2
Tipo-Tipo,2.9908,5.3294,0.9291,8.774,3,3,4,5,5,6,7,9
Titay,3.8963,5.9641,3.8182,12.7541,1,1,2,2,2,2,2,2
Tiwi,2.4375,9.7484,5.0702,12.0128,1,1,1,1,1,1,1,1
Tobias Fornier,4.6647,7.5988,3.9994,11.2773,1,1,2,2,2,2,2,2
Toboso,4.1449,9.4041,4.5237,13.5991,1,1,1,1,1,1,1,1
Toledo,5.1741,8.1154,5.0761,12.6616,1,1,1,1,1,1,1,1
Tolosa,5.3701,8.5771,6.3356,13.9821,1,1,1,1,1,1,1,1
Tomas Oppus,5.8231,10.1587,5.1262,13.4671,2,2,3,3,3,3,3,3
Torrijos,5.1265,9.607,5.9684,12.9776,2,2,3,3,3,3,3,3
Trece Martires,5.7023,7.5875,7.6323,12.8243,1,1,2,2,2,5,6,6
Trento,5.279,9.6658,4.5293,13.3549,1,1,1,1,1,1,1,1
Trinidad,6.1375,9.7478,5.839,13.2635,2,2,3,3,3,3,3,3
Tuao,3.966,6.2701,5.2764,12.0984,1,1,2,2,2,2,2,2
Tuba,5.1306,8.812,4.6186,13.4171,1,1,1,1,1,1,1,1
Tubajon,4.7866,6.0628,4.5136,12.8261,1,1,2,2,2,2,2,2
Tubao,5.1234,10.6699,4.6169,14.2384,1,1,1,1,1,1,1,1
Tubaran,3.5411,6.3615,2.6299,11.3207,1,1,2,4,4,4,4,4
Tubay,5.5234,6.6912,5.0184,13.3642,1,1,2,2,2,5,6,6
Tubigon,6.1203,8.9434,5.9517,13.1691,2,2,3,3,3,3,3,3
Tublay,7.1481,11.3882,5.4909,13.4958,2,2,3,3,3,3,3,3
Tubo,4.1505,8.3047,5.0349,12.2313,1,1,1,1,1,1,1,1
Tubod (LN),4.9624,9.7347,5.4232,12.0568,1,1,1,1,1,1,1,1
Tubod (SN),6.5391,11.4314,6.8718,13.7341,2,2,3,3,3,3,3,3
Tubungan,5.0824,9.5831,5.96,11.5106,1,1,1,1,1,1,1,1
Tuburan (CU),6.5621,7.1156,5.4532,13.3748,1,1,2,2,2,5,6,6
Tudela (CU),6.9511,8.1288,7.2686,13.6949,1,1,2,2,2,5,6,6
Tudela (MC),4.9612,9.427,5.9461,13.5281,2,2,3,3,3,3,3,3
Tugaya,2.8236,9.4256,2.3871000000000002,10.7287,1,1,2,4,4,4,4,4
Tuguegarao,6.2499,12.3453,8.7975,14.2282,2,2,3,3,3,3,5,5
Tukuran,5.5012,9.3973,4.9531,11.3797,1,1,1,1,1,1,1,1
Tulunan,3.6075,9.9465,5.2106,11.9983,1,1,1,1,1,1,1,1
Tumauini,3.2936,9.2864,5.9672,13.4764,1,1,1,1,1,1,1,1
Tunga,5.4332,6.3463,5.7728,11.7514,1,1,2,2,2,5,6,6
Tungawan,4.531,9.5768,4.8576,11.4912,1,1,1,1,1,1,1,1
Tupi,5.9338,10.1982,6.0609,13.5286,2,2,3,3,3,3,3,3
Turtle Islands,4.4833,9.1945,2.8629,12.2972,1,1,2,4,4,4,4,4
Tuy,5.2039,6.911,5.3885,12.8506,1,1,2,2,2,2,2,2
Ubay,5.6853,10.3881,5.439,13.4326,2,2,3,3,3,3,3,3
Umingan,5.0245,9.9622,5.2246,13.7026,1,1,1,1,1,1,1,1
Unisan,4.2824,9.3644,5.2531,13.6909,1,1,1,1,1,1,1,1
Upi,3.5911,9.8943,4.9799,13.5141,1,1,1,1,1,1,1,1
Urbiztondo,5.0393,9.9862,5.4383,13.7396,2,2,3,3,3,3,3,3
Urdaneta,6.0609,10.0706,6.9224,13.5721,2,2,3,3,3,3,5,5
Uson,5.3281,5.344,4.2037,9.2935,3,3,4,5,5,6,7,7
Uyugan,1.8497,3.948,6.0935,12.5867,1,1,2,2,2,2,2,2
Valderrama,4.7796,7.4905,4.8787,12.852,1,1,2,2,2,2,2,2
Valencia (BK),5.7794,9.1306,4.4933,13.7478,1,1,1,1,1,1,1,1
Valencia (BL),6.2244,9.5873,5.4388,12.6859,2,2,3,3,3,3,3,3
Valencia (NR),4.8106,7.3543,5.1132,12.9144,1,1,2,2,2,2,2,2
Valenzuela,4.8315,13.6696,7.8074,15.7906,2,2,3,3,3,3,5,5
Valladolid,3.7862,8.6778,5.3138,9.9685,3,3,4,5,5,6,7,7
Vallehermoso,5.2234,7.4003,4.0265,13.3753,1,1,2,4,4,4,4,4
Veruela,4.4755,9.3938,4.8275,13.1604,1,1,1,1,1,1,1,1
Victoria (LA),5.0863,4.7227,5.769,13.6162,1,1,2,2,2,2,2,2
Victoria (NS),4.4607,5.6679,5.1448,10.1192,1,1,2,2,2,2,2,2
Victoria (OR),4.3857,6.7265,5.6727,13.2844,1,1,2,2,2,2,2,2
Victoria (TC),3.0694,9.1612,5.5171,12.1515,1,1,1,1,1,1,1,1
Victorias,3.6697,9.1346,5.6848,12.9938,1,1,1,1,1,1,1,1
Viga,3.2874,4.0059,4.2448,9.7889,1,1,2,2,2,2,2,2
Vigan,5.7006,10.1621,6.9567,13.063,2,2,3,3,3,3,5,5
Villaba,5.3772,9.594,5.8032,11.5952,1,1,1,1,1,1,1,1
Villanueva,5.4677,7.3992000000000004,4.755,13.569,1,1,2,2,2,5,6,6
Villareal,2.6423,8.3655,4.0885,12.7328,1,1,2,4,4,4,4,4
Villasis,5.0156,10.1486,5.6145,13.7626,2,2,3,3,3,3,3,3
Villaverde,4.1814,9.8843,4.6868,12.5385,1,1,1,1,1,1,1,1
Villaviciosa,4.1821,2.7703,4.7919,7.5811,3,3,4,5,5,6,7,7
Vincenzo A Sagun,5.3281,6.8596,5.4666,14.547,1,1,2,2,2,5,6,6
Vintar,3.89,9.7823,5.1869,13.1522,1,1,1,1,1,1,1,1
Vinzons,3.4479,8.2642,4.3532,10.9869,1,1,2,4,4,4,4,4
Virac,3.1767,8.9422,6.3365,12.4731,1,1,1,1,1,1,1,1
Wao,4.1277,8.9622,4.5326,12.9541,1,1,1,1,1,1,1,1
Zamboanga,6.1758,9.9616,6.4264,14.2075,2,2,3,3,3,3,5,5
Zamboanguita,5.8077,6.9809,5.5155,13.4534,1,1,2,2,2,5,6,6
Zaragoza,5.5737,9.7715,6.5219,13.4807,2,2,3,3,3,3,3,3
Zarraga,5.8388,9.3082,5.5393,13.6245,2,2,3,3,3,3,3,3
